,sample,Bruv,NetName,ResName,ResArea,ZoneName,CvI,ZoneIUCN,newlocation,NatLegend,Area_KM2,GAZ_DATE,LATEST_GAZ,coords.x1,coords.x2
Habitat Protection Zone.14,15,b1,South-west,Geographe,976.656117,Habitat Protection Zone,Control,IV,HabProZ,Habitat Protection Zone (IUCN IV),21.0728287,1899/12/30,1899/12/30,115.2147833,-33.5782333
Habitat Protection Zone.73,79,b2,South-west,Geographe,976.656117,Habitat Protection Zone,Control,IV,HabProZ,Habitat Protection Zone (IUCN IV),21.0728287,1899/12/30,1899/12/30,115.2308833,-33.5874
Habitat Protection Zone.84,91,b3,South-west,Geographe,976.656117,Habitat Protection Zone,Control,IV,HabProZ,Habitat Protection Zone (IUCN IV),21.0728287,1899/12/30,1899/12/30,115.2060833,-33.5396
Habitat Protection Zone.126,207,b4,South-west,Geographe,976.656117,Habitat Protection Zone,Control,IV,HabProZ,Habitat Protection Zone (IUCN IV),21.0728287,1899/12/30,1899/12/30,115.23165,-33.5738333
Habitat Protection Zone.139,271,b5,South-west,Geographe,976.656117,Habitat Protection Zone,Control,IV,HabProZ,Habitat Protection Zone (IUCN IV),21.0728287,1899/12/30,1899/12/30,115.2133167,-33.5937
Habitat Protection Zone.143,287,b6,South-west,Geographe,976.656117,Habitat Protection Zone,Control,IV,HabProZ,Habitat Protection Zone (IUCN IV),21.0728287,1899/12/30,1899/12/30,115.2189,-33.5940333
Habitat Protection Zone.154,335,b7,South-west,Geographe,976.656117,Habitat Protection Zone,Control,IV,HabProZ,Habitat Protection Zone (IUCN IV),21.0728287,1899/12/30,1899/12/30,115.2266667,-33.5771167
Habitat Protection Zone.159,375,b8,South-west,Geographe,976.656117,Habitat Protection Zone,Control,IV,HabProZ,Habitat Protection Zone (IUCN IV),21.0728287,1899/12/30,1899/12/30,115.2205667,-33.5902167
Habitat Protection Zone.173,443,b9,South-west,Geographe,976.656117,Habitat Protection Zone,Control,IV,HabProZ,Habitat Protection Zone (IUCN IV),21.0728287,1899/12/30,1899/12/30,115.2024833,-33.5698
Habitat Protection Zone.189,527,b10,South-west,Geographe,976.656117,Habitat Protection Zone,Control,IV,HabProZ,Habitat Protection Zone (IUCN IV),21.0728287,1899/12/30,1899/12/30,115.2078167,-33.5894167
Habitat Protection Zone.233,719,b11,South-west,Geographe,976.656117,Habitat Protection Zone,Control,IV,HabProZ,Habitat Protection Zone (IUCN IV),21.0728287,1899/12/30,1899/12/30,115.23245,-33.6009667
Habitat Protection Zone.244,779,b12,South-west,Geographe,976.656117,Habitat Protection Zone,Control,IV,HabProZ,Habitat Protection Zone (IUCN IV),21.0728287,1899/12/30,1899/12/30,115.2263667,-33.5817167
Habitat Protection Zone.246,783,b13,South-west,Geographe,976.656117,Habitat Protection Zone,Control,IV,HabProZ,Habitat Protection Zone (IUCN IV),21.0728287,1899/12/30,1899/12/30,115.2263667,-33.5817167
Habitat Protection Zone.279,12RC1,b14,South-west,Geographe,976.656117,Habitat Protection Zone,Control,IV,HabProZ,Habitat Protection Zone (IUCN IV),21.0728287,1899/12/30,1899/12/30,115.2132833,-33.5932167
Habitat Protection Zone.302,GBR1-3,b15,South-west,Geographe,976.656117,Habitat Protection Zone,Control,IV,HabProZ,Habitat Protection Zone (IUCN IV),21.0728287,1899/12/30,1899/12/30,115.2022833,-33.5937833
Habitat Protection Zone.303,GBR1-4,b16,South-west,Geographe,976.656117,Habitat Protection Zone,Control,IV,HabProZ,Habitat Protection Zone (IUCN IV),21.0728287,1899/12/30,1899/12/30,115.2055167,-33.59345
Habitat Protection Zone.312,GBR4-1,b17,South-west,Geographe,976.656117,Habitat Protection Zone,Control,IV,HabProZ,Habitat Protection Zone (IUCN IV),21.0728287,1899/12/30,1899/12/30,115.2080833,-33.5933333
Habitat Protection Zone.313,GBR4-2,b18,South-west,Geographe,976.656117,Habitat Protection Zone,Control,IV,HabProZ,Habitat Protection Zone (IUCN IV),21.0728287,1899/12/30,1899/12/30,115.2102333,-33.5928333
Habitat Protection Zone.314,GBR5-1,b19,South-west,Geographe,976.656117,Habitat Protection Zone,Control,IV,HabProZ,Habitat Protection Zone (IUCN IV),21.0728287,1899/12/30,1899/12/30,115.2119333,-33.5932167
Habitat Protection Zone.315,GBR5-2,b20,South-west,Geographe,976.656117,Habitat Protection Zone,Control,IV,HabProZ,Habitat Protection Zone (IUCN IV),21.0728287,1899/12/30,1899/12/30,115.2148,-33.5927333
Habitat Protection Zone.316,GBR5-3,b21,South-west,Geographe,976.656117,Habitat Protection Zone,Control,IV,HabProZ,Habitat Protection Zone (IUCN IV),21.0728287,1899/12/30,1899/12/30,115.2175167,-33.5924167
Habitat Protection Zone.317,GBR-BOB,b22,South-west,Geographe,976.656117,Habitat Protection Zone,Control,IV,HabProZ,Habitat Protection Zone (IUCN IV),21.0728287,1899/12/30,1899/12/30,115.2205667,-33.59235
Multiple Use Zone.3,3,b23,South-west,Geographe,976.656117,Multiple Use Zone,Control,VI,MultiUse,Multiple Use Zone (IUCN VI),290.7275378,1899/12/30,1899/12/30,115.3549,-33.4920833
Multiple Use Zone.9,10,b24,South-west,Geographe,976.656117,Multiple Use Zone,Control,VI,MultiUse,Multiple Use Zone (IUCN VI),290.7275378,1899/12/30,1899/12/30,115.3313333,-33.5281667
Multiple Use Zone.10,11,b25,South-west,Geographe,976.656117,Multiple Use Zone,Control,VI,MultiUse,Multiple Use Zone (IUCN VI),290.7275378,1899/12/30,1899/12/30,115.2958167,-33.5712167
Multiple Use Zone.13,14,b26,South-west,Geographe,976.656117,Multiple Use Zone,Control,VI,MultiUse,Multiple Use Zone (IUCN VI),290.7275378,1899/12/30,1899/12/30,115.4130333,-33.5296667
Multiple Use Zone.21,22,b27,South-west,Geographe,976.656117,Multiple Use Zone,Control,VI,MultiUse,Multiple Use Zone (IUCN VI),290.7275378,1899/12/30,1899/12/30,115.1806667,-33.57455
Multiple Use Zone.22,23,b28,South-west,Geographe,976.656117,Multiple Use Zone,Control,VI,MultiUse,Multiple Use Zone (IUCN VI),290.7275378,1899/12/30,1899/12/30,115.4289333,-33.5041833
Multiple Use Zone.25,26,b29,South-west,Geographe,976.656117,Multiple Use Zone,Control,VI,MultiUse,Multiple Use Zone (IUCN VI),290.7275378,1899/12/30,1899/12/30,115.3236167,-33.5500333
Multiple Use Zone.26,27,b30,South-west,Geographe,976.656117,Multiple Use Zone,Control,VI,MultiUse,Multiple Use Zone (IUCN VI),290.7275378,1899/12/30,1899/12/30,115.1883833,-33.5463667
Multiple Use Zone.28,29,b31,South-west,Geographe,976.656117,Multiple Use Zone,Control,VI,MultiUse,Multiple Use Zone (IUCN VI),290.7275378,1899/12/30,1899/12/30,115.1764,-33.4869667
Multiple Use Zone.30,31,b32,South-west,Geographe,976.656117,Multiple Use Zone,Control,VI,MultiUse,Multiple Use Zone (IUCN VI),290.7275378,1899/12/30,1899/12/30,115.2369167,-33.5986333
Multiple Use Zone.37,38,b33,South-west,Geographe,976.656117,Multiple Use Zone,Control,VI,MultiUse,Multiple Use Zone (IUCN VI),290.7275378,1899/12/30,1899/12/30,115.1274333,-33.5036833
Multiple Use Zone.45,47,b34,South-west,Geographe,976.656117,Multiple Use Zone,Control,VI,MultiUse,Multiple Use Zone (IUCN VI),290.7275378,1899/12/30,1899/12/30,115.2877667,-33.5485
Multiple Use Zone.50,52,b35,South-west,Geographe,976.656117,Multiple Use Zone,Control,VI,MultiUse,Multiple Use Zone (IUCN VI),290.7275378,1899/12/30,1899/12/30,115.2982,-33.49265
Multiple Use Zone.52,54,b36,South-west,Geographe,976.656117,Multiple Use Zone,Control,VI,MultiUse,Multiple Use Zone (IUCN VI),290.7275378,1899/12/30,1899/12/30,115.1532,-33.51305
Multiple Use Zone.53,55,b37,South-west,Geographe,976.656117,Multiple Use Zone,Control,VI,MultiUse,Multiple Use Zone (IUCN VI),290.7275378,1899/12/30,1899/12/30,115.2801167,-33.5708667
Multiple Use Zone.54,56,b38,South-west,Geographe,976.656117,Multiple Use Zone,Control,VI,MultiUse,Multiple Use Zone (IUCN VI),290.7275378,1899/12/30,1899/12/30,115.2224167,-33.4953
Multiple Use Zone.57,61,b39,South-west,Geographe,976.656117,Multiple Use Zone,Control,VI,MultiUse,Multiple Use Zone (IUCN VI),290.7275378,1899/12/30,1899/12/30,115.1345167,-33.4992833
Multiple Use Zone.59,63,b40,South-west,Geographe,976.656117,Multiple Use Zone,Control,VI,MultiUse,Multiple Use Zone (IUCN VI),290.7275378,1899/12/30,1899/12/30,115.2562,-33.50385
Multiple Use Zone.69,75,b41,South-west,Geographe,976.656117,Multiple Use Zone,Control,VI,MultiUse,Multiple Use Zone (IUCN VI),290.7275378,1899/12/30,1899/12/30,115.29455,-33.5893333
Multiple Use Zone.72,78,b42,South-west,Geographe,976.656117,Multiple Use Zone,Control,VI,MultiUse,Multiple Use Zone (IUCN VI),290.7275378,1899/12/30,1899/12/30,115.4437667,-33.5076
Multiple Use Zone.79,86,b43,South-west,Geographe,976.656117,Multiple Use Zone,Control,VI,MultiUse,Multiple Use Zone (IUCN VI),290.7275378,1899/12/30,1899/12/30,115.1785167,-33.5405167
Multiple Use Zone.80,87,b44,South-west,Geographe,976.656117,Multiple Use Zone,Control,VI,MultiUse,Multiple Use Zone (IUCN VI),290.7275378,1899/12/30,1899/12/30,115.4589333,-33.4896
Multiple Use Zone.81,88,b45,South-west,Geographe,976.656117,Multiple Use Zone,Control,VI,MultiUse,Multiple Use Zone (IUCN VI),290.7275378,1899/12/30,1899/12/30,115.2145333,-33.5010667
Multiple Use Zone.83,90,b46,South-west,Geographe,976.656117,Multiple Use Zone,Control,VI,MultiUse,Multiple Use Zone (IUCN VI),290.7275378,1899/12/30,1899/12/30,115.3224833,-33.5333167
Multiple Use Zone.87,95,b47,South-west,Geographe,976.656117,Multiple Use Zone,Control,VI,MultiUse,Multiple Use Zone (IUCN VI),290.7275378,1899/12/30,1899/12/30,115.3155333,-33.5175
Multiple Use Zone.94,102,b48,South-west,Geographe,976.656117,Multiple Use Zone,Control,VI,MultiUse,Multiple Use Zone (IUCN VI),290.7275378,1899/12/30,1899/12/30,115.1196,-33.5185
Multiple Use Zone.97,106,b49,South-west,Geographe,976.656117,Multiple Use Zone,Control,VI,MultiUse,Multiple Use Zone (IUCN VI),290.7275378,1899/12/30,1899/12/30,115.3451333,-33.57825
Multiple Use Zone.98,107,b50,South-west,Geographe,976.656117,Multiple Use Zone,Control,VI,MultiUse,Multiple Use Zone (IUCN VI),290.7275378,1899/12/30,1899/12/30,115.1881167,-33.5833333
Multiple Use Zone.101,111,b51,South-west,Geographe,976.656117,Multiple Use Zone,Control,VI,MultiUse,Multiple Use Zone (IUCN VI),290.7275378,1899/12/30,1899/12/30,115.3219167,-33.5369
Multiple Use Zone.106,116,b52,South-west,Geographe,976.656117,Multiple Use Zone,Control,VI,MultiUse,Multiple Use Zone (IUCN VI),290.7275378,1899/12/30,1899/12/30,115.2863667,-33.4981667
Multiple Use Zone.108,122,b53,South-west,Geographe,976.656117,Multiple Use Zone,Control,VI,MultiUse,Multiple Use Zone (IUCN VI),290.7275378,1899/12/30,1899/12/30,115.4020833,-33.5375
Multiple Use Zone.109,135,b54,South-west,Geographe,976.656117,Multiple Use Zone,Control,VI,MultiUse,Multiple Use Zone (IUCN VI),290.7275378,1899/12/30,1899/12/30,115.4207333,-33.50185
Multiple Use Zone.111,139,b55,South-west,Geographe,976.656117,Multiple Use Zone,Control,VI,MultiUse,Multiple Use Zone (IUCN VI),290.7275378,1899/12/30,1899/12/30,115.2736667,-33.60325
Multiple Use Zone.112,143,b56,South-west,Geographe,976.656117,Multiple Use Zone,Control,VI,MultiUse,Multiple Use Zone (IUCN VI),290.7275378,1899/12/30,1899/12/30,115.2367,-33.5761667
Multiple Use Zone.116,160,b57,South-west,Geographe,976.656117,Multiple Use Zone,Control,VI,MultiUse,Multiple Use Zone (IUCN VI),290.7275378,1899/12/30,1899/12/30,115.2477833,-33.6033667
Multiple Use Zone.121,183,b58,South-west,Geographe,976.656117,Multiple Use Zone,Control,VI,MultiUse,Multiple Use Zone (IUCN VI),290.7275378,1899/12/30,1899/12/30,115.2488,-33.5687667
Multiple Use Zone.123,196,b59,South-west,Geographe,976.656117,Multiple Use Zone,Control,VI,MultiUse,Multiple Use Zone (IUCN VI),290.7275378,1899/12/30,1899/12/30,115.4045,-33.5098167
Multiple Use Zone.138,270,b60,South-west,Geographe,976.656117,Multiple Use Zone,Control,VI,MultiUse,Multiple Use Zone (IUCN VI),290.7275378,1899/12/30,1899/12/30,115.4206,-33.52045
Multiple Use Zone.141,279,b61,South-west,Geographe,976.656117,Multiple Use Zone,Control,VI,MultiUse,Multiple Use Zone (IUCN VI),290.7275378,1899/12/30,1899/12/30,115.4379167,-33.5011833
Multiple Use Zone.142,282,b62,South-west,Geographe,976.656117,Multiple Use Zone,Control,VI,MultiUse,Multiple Use Zone (IUCN VI),290.7275378,1899/12/30,1899/12/30,115.3322333,-33.5571833
Multiple Use Zone.151,327,b63,South-west,Geographe,976.656117,Multiple Use Zone,Control,VI,MultiUse,Multiple Use Zone (IUCN VI),290.7275378,1899/12/30,1899/12/30,115.3942,-33.4892333
Multiple Use Zone.153,331,b64,South-west,Geographe,976.656117,Multiple Use Zone,Control,VI,MultiUse,Multiple Use Zone (IUCN VI),290.7275378,1899/12/30,1899/12/30,115.2530333,-33.6030833
Multiple Use Zone.162,391,b65,South-west,Geographe,976.656117,Multiple Use Zone,Control,VI,MultiUse,Multiple Use Zone (IUCN VI),290.7275378,1899/12/30,1899/12/30,115.4101333,-33.50165
Multiple Use Zone.163,394,b66,South-west,Geographe,976.656117,Multiple Use Zone,Control,VI,MultiUse,Multiple Use Zone (IUCN VI),290.7275378,1899/12/30,1899/12/30,115.3820167,-33.5181
Multiple Use Zone.167,407,b67,South-west,Geographe,976.656117,Multiple Use Zone,Control,VI,MultiUse,Multiple Use Zone (IUCN VI),290.7275378,1899/12/30,1899/12/30,115.4274667,-33.4881667
Multiple Use Zone.172,442,b68,South-west,Geographe,976.656117,Multiple Use Zone,Control,VI,MultiUse,Multiple Use Zone (IUCN VI),290.7275378,1899/12/30,1899/12/30,115.41935,-33.5066
Multiple Use Zone.176,455,b69,South-west,Geographe,976.656117,Multiple Use Zone,Control,VI,MultiUse,Multiple Use Zone (IUCN VI),290.7275378,1899/12/30,1899/12/30,115.1820333,-33.5671333
Multiple Use Zone.181,490,b70,South-west,Geographe,976.656117,Multiple Use Zone,Control,VI,MultiUse,Multiple Use Zone (IUCN VI),290.7275378,1899/12/30,1899/12/30,115.3612,-33.5613
Multiple Use Zone.185,503,b71,South-west,Geographe,976.656117,Multiple Use Zone,Control,VI,MultiUse,Multiple Use Zone (IUCN VI),290.7275378,1899/12/30,1899/12/30,115.3097667,-33.5845333
Multiple Use Zone.186,506,b72,South-west,Geographe,976.656117,Multiple Use Zone,Control,VI,MultiUse,Multiple Use Zone (IUCN VI),290.7275378,1899/12/30,1899/12/30,115.4165,-33.5173833
Multiple Use Zone.188,523,b73,South-west,Geographe,976.656117,Multiple Use Zone,Control,VI,MultiUse,Multiple Use Zone (IUCN VI),290.7275378,1899/12/30,1899/12/30,115.1589167,-33.5634333
Multiple Use Zone.192,543,b74,South-west,Geographe,976.656117,Multiple Use Zone,Control,VI,MultiUse,Multiple Use Zone (IUCN VI),290.7275378,1899/12/30,1899/12/30,115.2434,-33.5950333
Multiple Use Zone.197,567,b75,South-west,Geographe,976.656117,Multiple Use Zone,Control,VI,MultiUse,Multiple Use Zone (IUCN VI),290.7275378,1899/12/30,1899/12/30,115.2760167,-33.5866833
Multiple Use Zone.198,570,b76,South-west,Geographe,976.656117,Multiple Use Zone,Control,VI,MultiUse,Multiple Use Zone (IUCN VI),290.7275378,1899/12/30,1899/12/30,115.1625333,-33.5731333
Multiple Use Zone.200,579,b77,South-west,Geographe,976.656117,Multiple Use Zone,Control,VI,MultiUse,Multiple Use Zone (IUCN VI),290.7275378,1899/12/30,1899/12/30,115.37405,-33.5017167
Multiple Use Zone.205,599,b78,South-west,Geographe,976.656117,Multiple Use Zone,Control,VI,MultiUse,Multiple Use Zone (IUCN VI),290.7275378,1899/12/30,1899/12/30,115.4508,-33.5021167
Multiple Use Zone.210,618,b79,South-west,Geographe,976.656117,Multiple Use Zone,Control,VI,MultiUse,Multiple Use Zone (IUCN VI),290.7275378,1899/12/30,1899/12/30,115.3528167,-33.5678833
Multiple Use Zone.213,631,b80,South-west,Geographe,976.656117,Multiple Use Zone,Control,VI,MultiUse,Multiple Use Zone (IUCN VI),290.7275378,1899/12/30,1899/12/30,115.2541167,-33.5778833
Multiple Use Zone.215,634,b81,South-west,Geographe,976.656117,Multiple Use Zone,Control,VI,MultiUse,Multiple Use Zone (IUCN VI),290.7275378,1899/12/30,1899/12/30,115.4141167,-33.5336667
Multiple Use Zone.216,635,b82,South-west,Geographe,976.656117,Multiple Use Zone,Control,VI,MultiUse,Multiple Use Zone (IUCN VI),290.7275378,1899/12/30,1899/12/30,115.1995667,-33.5809667
Multiple Use Zone.218,647,b83,South-west,Geographe,976.656117,Multiple Use Zone,Control,VI,MultiUse,Multiple Use Zone (IUCN VI),290.7275378,1899/12/30,1899/12/30,115.42465,-33.4926
Multiple Use Zone.219,650,b84,South-west,Geographe,976.656117,Multiple Use Zone,Control,VI,MultiUse,Multiple Use Zone (IUCN VI),290.7275378,1899/12/30,1899/12/30,115.3715667,-33.5131167
Multiple Use Zone.220,655,b85,South-west,Geographe,976.656117,Multiple Use Zone,Control,VI,MultiUse,Multiple Use Zone (IUCN VI),290.7275378,1899/12/30,1899/12/30,115.2456833,-33.5812
Multiple Use Zone.225,682,b86,South-west,Geographe,976.656117,Multiple Use Zone,Control,VI,MultiUse,Multiple Use Zone (IUCN VI),290.7275378,1899/12/30,1899/12/30,115.3354167,-33.5696167
Multiple Use Zone.226,684,b87,South-west,Geographe,976.656117,Multiple Use Zone,Control,VI,MultiUse,Multiple Use Zone (IUCN VI),290.7275378,1899/12/30,1899/12/30,115.1735,-33.5845333
Multiple Use Zone.228,694,b88,South-west,Geographe,976.656117,Multiple Use Zone,Control,VI,MultiUse,Multiple Use Zone (IUCN VI),290.7275378,1899/12/30,1899/12/30,115.34985,-33.5280667
Multiple Use Zone.229,698,b89,South-west,Geographe,976.656117,Multiple Use Zone,Control,VI,MultiUse,Multiple Use Zone (IUCN VI),290.7275378,1899/12/30,1899/12/30,115.4035333,-33.5246167
Multiple Use Zone.237,746,b90,South-west,Geographe,976.656117,Multiple Use Zone,Control,VI,MultiUse,Multiple Use Zone (IUCN VI),290.7275378,1899/12/30,1899/12/30,115.3570667,-33.5794333
Multiple Use Zone.241,759,b91,South-west,Geographe,976.656117,Multiple Use Zone,Control,VI,MultiUse,Multiple Use Zone (IUCN VI),290.7275378,1899/12/30,1899/12/30,115.3173333,-33.5759
Multiple Use Zone.242,762,b92,South-west,Geographe,976.656117,Multiple Use Zone,Control,VI,MultiUse,Multiple Use Zone (IUCN VI),290.7275378,1899/12/30,1899/12/30,115.4149,-33.5198667
Multiple Use Zone.245,782,b93,South-west,Geographe,976.656117,Multiple Use Zone,Control,VI,MultiUse,Multiple Use Zone (IUCN VI),290.7275378,1899/12/30,1899/12/30,115.4368333,-33.5142
Multiple Use Zone.248,791,b94,South-west,Geographe,976.656117,Multiple Use Zone,Control,VI,MultiUse,Multiple Use Zone (IUCN VI),290.7275378,1899/12/30,1899/12/30,115.4435167,-33.4851333
Multiple Use Zone.250,800,b95,South-west,Geographe,976.656117,Multiple Use Zone,Control,VI,MultiUse,Multiple Use Zone (IUCN VI),290.7275378,1899/12/30,1899/12/30,115.1934833,-33.5731667
Multiple Use Zone.254,823,b96,South-west,Geographe,976.656117,Multiple Use Zone,Control,VI,MultiUse,Multiple Use Zone (IUCN VI),290.7275378,1899/12/30,1899/12/30,115.2872167,-33.5857333
Multiple Use Zone.258,839,b97,South-west,Geographe,976.656117,Multiple Use Zone,Control,VI,MultiUse,Multiple Use Zone (IUCN VI),290.7275378,1899/12/30,1899/12/30,115.4085,-33.4873
Multiple Use Zone.260,843,b98,South-west,Geographe,976.656117,Multiple Use Zone,Control,VI,MultiUse,Multiple Use Zone (IUCN VI),290.7275378,1899/12/30,1899/12/30,115.2586,-33.5999833
Multiple Use Zone.262,855,b99,South-west,Geographe,976.656117,Multiple Use Zone,Control,VI,MultiUse,Multiple Use Zone (IUCN VI),290.7275378,1899/12/30,1899/12/30,115.4357667,-33.4901
Multiple Use Zone.263,858,b100,South-west,Geographe,976.656117,Multiple Use Zone,Control,VI,MultiUse,Multiple Use Zone (IUCN VI),290.7275378,1899/12/30,1899/12/30,115.3461833,-33.5573167
Multiple Use Zone.267,1038,b101,South-west,Geographe,976.656117,Multiple Use Zone,Control,VI,MultiUse,Multiple Use Zone (IUCN VI),290.7275378,1899/12/30,1899/12/30,115.4200167,-33.5333333
Multiple Use Zone.280,12RC2,b102,South-west,Geographe,976.656117,Multiple Use Zone,Control,VI,MultiUse,Multiple Use Zone (IUCN VI),290.7275378,1899/12/30,1899/12/30,115.23785,-33.5916
Multiple Use Zone.281,12RC3,b103,South-west,Geographe,976.656117,Multiple Use Zone,Control,VI,MultiUse,Multiple Use Zone (IUCN VI),290.7275378,1899/12/30,1899/12/30,115.24145,-33.5914667
Multiple Use Zone.282,12RC5,b104,South-west,Geographe,976.656117,Multiple Use Zone,Control,VI,MultiUse,Multiple Use Zone (IUCN VI),290.7275378,1899/12/30,1899/12/30,115.3443,-33.5621333
Multiple Use Zone.283,12RC6,b105,South-west,Geographe,976.656117,Multiple Use Zone,Control,VI,MultiUse,Multiple Use Zone (IUCN VI),290.7275378,1899/12/30,1899/12/30,115.3481333,-33.5711
Multiple Use Zone.284,12RC7,b106,South-west,Geographe,976.656117,Multiple Use Zone,Control,VI,MultiUse,Multiple Use Zone (IUCN VI),290.7275378,1899/12/30,1899/12/30,115.41785,-33.5118
Multiple Use Zone.285,12RC8,b107,South-west,Geographe,976.656117,Multiple Use Zone,Control,VI,MultiUse,Multiple Use Zone (IUCN VI),290.7275378,1899/12/30,1899/12/30,115.41815,-33.5148667
Multiple Use Zone.286,12RC9,b108,South-west,Geographe,976.656117,Multiple Use Zone,Control,VI,MultiUse,Multiple Use Zone (IUCN VI),290.7275378,1899/12/30,1899/12/30,115.4064167,-33.5162167
Multiple Use Zone.287,13RC1,b109,South-west,Geographe,976.656117,Multiple Use Zone,Control,VI,MultiUse,Multiple Use Zone (IUCN VI),290.7275378,1899/12/30,1899/12/30,115.43075,-33.5059833
Multiple Use Zone.292,13RC2,b110,South-west,Geographe,976.656117,Multiple Use Zone,Control,VI,MultiUse,Multiple Use Zone (IUCN VI),290.7275378,1899/12/30,1899/12/30,115.45595,-33.49485
Multiple Use Zone.293,13RC3,b111,South-west,Geographe,976.656117,Multiple Use Zone,Control,VI,MultiUse,Multiple Use Zone (IUCN VI),290.7275378,1899/12/30,1899/12/30,115.45155,-33.4839333
Multiple Use Zone.294,13RC4,b112,South-west,Geographe,976.656117,Multiple Use Zone,Control,VI,MultiUse,Multiple Use Zone (IUCN VI),290.7275378,1899/12/30,1899/12/30,115.3964667,-33.4993833
Multiple Use Zone.295,13RC5,b113,South-west,Geographe,976.656117,Multiple Use Zone,Control,VI,MultiUse,Multiple Use Zone (IUCN VI),290.7275378,1899/12/30,1899/12/30,115.4656167,-33.4839333
Multiple Use Zone.301,GBR1-2,b114,South-west,Geographe,976.656117,Multiple Use Zone,Control,VI,MultiUse,Multiple Use Zone (IUCN VI),290.7275378,1899/12/30,1899/12/30,115.1995333,-33.5936
Multiple Use Zone.318,RB1,b115,South-west,Geographe,976.656117,Multiple Use Zone,Control,VI,MultiUse,Multiple Use Zone (IUCN VI),290.7275378,1899/12/30,1899/12/30,115.2176667,-33.53455
Multiple Use Zone.319,RB2,b116,South-west,Geographe,976.656117,Multiple Use Zone,Control,VI,MultiUse,Multiple Use Zone (IUCN VI),290.7275378,1899/12/30,1899/12/30,115.2254833,-33.5085667
Multiple Use Zone.321,RC2,b117,South-west,Geographe,976.656117,Multiple Use Zone,Control,VI,MultiUse,Multiple Use Zone (IUCN VI),290.7275378,1899/12/30,1899/12/30,115.1780333,-33.48635
National Park Zone.41,42,b118,South-west,Geographe,976.656117,National Park Zone,Impact,II,NMP,National Park Zone (IUCN II),15.27252068,1899/12/30,1899/12/30,115.3862333,-33.5425167
National Park Zone.55,58,b119,South-west,Geographe,976.656117,National Park Zone,Impact,II,NMP,National Park Zone (IUCN II),15.27252068,1899/12/30,1899/12/30,115.3795833,-33.56965
National Park Zone.118,170,b120,South-west,Geographe,976.656117,National Park Zone,Impact,II,NMP,National Park Zone (IUCN II),15.27252068,1899/12/30,1899/12/30,115.3698333,-33.54165
National Park Zone.160,378,b121,South-west,Geographe,976.656117,National Park Zone,Impact,II,NMP,National Park Zone (IUCN II),15.27252068,1899/12/30,1899/12/30,115.3912,-33.5555833
National Park Zone.195,554,b122,South-west,Geographe,976.656117,National Park Zone,Impact,II,NMP,National Park Zone (IUCN II),15.27252068,1899/12/30,1899/12/30,115.3835167,-33.55765
National Park Zone.202,586,b123,South-west,Geographe,976.656117,National Park Zone,Impact,II,NMP,National Park Zone (IUCN II),15.27252068,1899/12/30,1899/12/30,115.38595,-33.5309167
National Park Zone.222,666,b124,South-west,Geographe,976.656117,National Park Zone,Impact,II,NMP,National Park Zone (IUCN II),15.27252068,1899/12/30,1899/12/30,115.35715,-33.5511167
National Park Zone.252,810,b125,South-west,Geographe,976.656117,National Park Zone,Impact,II,NMP,National Park Zone (IUCN II),15.27252068,1899/12/30,1899/12/30,115.3766,-33.5513333
National Park Zone.255,826,b126,South-west,Geographe,976.656117,National Park Zone,Impact,II,NMP,National Park Zone (IUCN II),15.27252068,1899/12/30,1899/12/30,115.4005833,-33.5426833
