"","sample","maxn","depth","ZoneName","point.ID","poly.ID","NetName","ResName","ResArea","ZoneName.1","ZoneIUCN","NatLegend","Area_KM2","GAZ_DATE","LATEST_GAZ","clust","coords.x1","coords.x2"
"1","1",0,40,"Special Purpose Zone (Mining Exclusion)",1,2,"South-west","Geographe",976.656117,"Special Purpose Zone (Mining Exclusion)","VI","Special Purpose Zone (Mining Exclusion) (IUCN VI)",649.583230249,"1899/12/30","1899/12/30","1",115.21415,-33.36345
"2","100",47,36.7,"Special Purpose Zone (Mining Exclusion)",3,2,"South-west","Geographe",976.656117,"Special Purpose Zone (Mining Exclusion)","VI","Special Purpose Zone (Mining Exclusion) (IUCN VI)",649.583230249,"1899/12/30","1899/12/30","2",115.21415,-33.4324833
"3","10000",0,16.4,"Special Purpose Zone (Mining Exclusion)",4,2,"South-west","Geographe",976.656117,"Special Purpose Zone (Mining Exclusion)","VI","Special Purpose Zone (Mining Exclusion) (IUCN VI)",649.583230249,"1899/12/30","1899/12/30","3",115.3645833,-33.4135833
"4","10001",0,15.9,"Special Purpose Zone (Mining Exclusion)",5,2,"South-west","Geographe",976.656117,"Special Purpose Zone (Mining Exclusion)","VI","Special Purpose Zone (Mining Exclusion) (IUCN VI)",649.583230249,"1899/12/30","1899/12/30","3",115.3722167,-33.4217167
"5","10002",0,15.4,"Special Purpose Zone (Mining Exclusion)",6,2,"South-west","Geographe",976.656117,"Special Purpose Zone (Mining Exclusion)","VI","Special Purpose Zone (Mining Exclusion) (IUCN VI)",649.583230249,"1899/12/30","1899/12/30","3",115.3889333,-33.4234167
"6","10003",0,16.5,"Special Purpose Zone (Mining Exclusion)",7,2,"South-west","Geographe",976.656117,"Special Purpose Zone (Mining Exclusion)","VI","Special Purpose Zone (Mining Exclusion) (IUCN VI)",649.583230249,"1899/12/30","1899/12/30","3",115.35935,-33.4213
"7","10004",7,15.3,"Special Purpose Zone (Mining Exclusion)",8,2,"South-west","Geographe",976.656117,"Special Purpose Zone (Mining Exclusion)","VI","Special Purpose Zone (Mining Exclusion) (IUCN VI)",649.583230249,"1899/12/30","1899/12/30","3",115.3976,-33.4039167
"8","10005",2,24.6,"Special Purpose Zone (Mining Exclusion)",9,2,"South-west","Geographe",976.656117,"Special Purpose Zone (Mining Exclusion)","VI","Special Purpose Zone (Mining Exclusion) (IUCN VI)",649.583230249,"1899/12/30","1899/12/30","4",115.3694,-33.4777667
"9","101",15,16.7,"Special Purpose Zone (Mining Exclusion)",10,2,"South-west","Geographe",976.656117,"Special Purpose Zone (Mining Exclusion)","VI","Special Purpose Zone (Mining Exclusion) (IUCN VI)",649.583230249,"1899/12/30","1899/12/30","3",115.37675,-33.3885833
"10","103",16,18.4,"Special Purpose Zone (Mining Exclusion)",12,2,"South-west","Geographe",976.656117,"Special Purpose Zone (Mining Exclusion)","VI","Special Purpose Zone (Mining Exclusion) (IUCN VI)",649.583230249,"1899/12/30","1899/12/30","5",115.4547167,-33.4581167
"11","104",7,33.3,"Special Purpose Zone (Mining Exclusion)",14,2,"South-west","Geographe",976.656117,"Special Purpose Zone (Mining Exclusion)","VI","Special Purpose Zone (Mining Exclusion) (IUCN VI)",649.583230249,"1899/12/30","1899/12/30","2",115.2450667,-33.4597333
"12","108",0,35,"Special Purpose Zone (Mining Exclusion)",17,2,"South-west","Geographe",976.656117,"Special Purpose Zone (Mining Exclusion)","VI","Special Purpose Zone (Mining Exclusion) (IUCN VI)",649.583230249,"1899/12/30","1899/12/30","6",115.1676667,-33.4690833
"13","110",0,17,"Special Purpose Zone (Mining Exclusion)",19,2,"South-west","Geographe",976.656117,"Special Purpose Zone (Mining Exclusion)","VI","Special Purpose Zone (Mining Exclusion) (IUCN VI)",649.583230249,"1899/12/30","1899/12/30","3",115.3556833,-33.4022667
"14","112",1,14.8,"Special Purpose Zone (Mining Exclusion)",21,2,"South-west","Geographe",976.656117,"Special Purpose Zone (Mining Exclusion)","VI","Special Purpose Zone (Mining Exclusion) (IUCN VI)",649.583230249,"1899/12/30","1899/12/30","7",115.5224,-33.4052
"15","113",0,36.6,"Special Purpose Zone (Mining Exclusion)",22,2,"South-west","Geographe",976.656117,"Special Purpose Zone (Mining Exclusion)","VI","Special Purpose Zone (Mining Exclusion) (IUCN VI)",649.583230249,"1899/12/30","1899/12/30","1",115.27785,-33.3658333
"16","114",0,39.7,"Special Purpose Zone (Mining Exclusion)",23,2,"South-west","Geographe",976.656117,"Special Purpose Zone (Mining Exclusion)","VI","Special Purpose Zone (Mining Exclusion) (IUCN VI)",649.583230249,"1899/12/30","1899/12/30","2",115.1639167,-33.3984333
"17","115",0,25.2,"Special Purpose Zone (Mining Exclusion)",24,2,"South-west","Geographe",976.656117,"Special Purpose Zone (Mining Exclusion)","VI","Special Purpose Zone (Mining Exclusion) (IUCN VI)",649.583230249,"1899/12/30","1899/12/30","5",115.4064667,-33.4446333
"18","11R1",0,30.4,"Special Purpose Zone (Mining Exclusion)",26,2,"South-west","Geographe",976.656117,"Special Purpose Zone (Mining Exclusion)","VI","Special Purpose Zone (Mining Exclusion) (IUCN VI)",649.583230249,"1899/12/30","1899/12/30","3",115.3694,-33.35885
"19","11R2",0,18.6,"Special Purpose Zone (Mining Exclusion)",27,2,"South-west","Geographe",976.656117,"Special Purpose Zone (Mining Exclusion)","VI","Special Purpose Zone (Mining Exclusion) (IUCN VI)",649.583230249,"1899/12/30","1899/12/30","7",115.5076167,-33.3967333
"20","11R3",0,14.7,"Special Purpose Zone (Mining Exclusion)",28,2,"South-west","Geographe",976.656117,"Special Purpose Zone (Mining Exclusion)","VI","Special Purpose Zone (Mining Exclusion) (IUCN VI)",649.583230249,"1899/12/30","1899/12/30","7",115.5204667,-33.41215
"21","11R4",2,14.5,"Special Purpose Zone (Mining Exclusion)",29,2,"South-west","Geographe",976.656117,"Special Purpose Zone (Mining Exclusion)","VI","Special Purpose Zone (Mining Exclusion) (IUCN VI)",649.583230249,"1899/12/30","1899/12/30","7",115.51755,-33.4197
"22","12",0,38.7,"Special Purpose Zone (Mining Exclusion)",30,2,"South-west","Geographe",976.656117,"Special Purpose Zone (Mining Exclusion)","VI","Special Purpose Zone (Mining Exclusion) (IUCN VI)",649.583230249,"1899/12/30","1899/12/30","1",115.2615667,-33.40395
"23","13",5,42.4,"Special Purpose Zone (Mining Exclusion)",40,2,"South-west","Geographe",976.656117,"Special Purpose Zone (Mining Exclusion)","VI","Special Purpose Zone (Mining Exclusion) (IUCN VI)",649.583230249,"1899/12/30","1899/12/30","6",115.0925167,-33.4501833
"24","13RC11",11,31,"Special Purpose Zone (Mining Exclusion)",44,2,"South-west","Geographe",976.656117,"Special Purpose Zone (Mining Exclusion)","VI","Special Purpose Zone (Mining Exclusion) (IUCN VI)",649.583230249,"1899/12/30","1899/12/30","3",115.36925,-33.3740333
"25","13RC12",1,31.3,"Special Purpose Zone (Mining Exclusion)",45,2,"South-west","Geographe",976.656117,"Special Purpose Zone (Mining Exclusion)","VI","Special Purpose Zone (Mining Exclusion) (IUCN VI)",649.583230249,"1899/12/30","1899/12/30","3",115.3668167,-33.3743667
"26","13RC13",5,31.1,"Special Purpose Zone (Mining Exclusion)",46,2,"South-west","Geographe",976.656117,"Special Purpose Zone (Mining Exclusion)","VI","Special Purpose Zone (Mining Exclusion) (IUCN VI)",649.583230249,"1899/12/30","1899/12/30","3",115.3631167,-33.3754833
"27","13RC15",10,32.5,"Special Purpose Zone (Mining Exclusion)",47,2,"South-west","Geographe",976.656117,"Special Purpose Zone (Mining Exclusion)","VI","Special Purpose Zone (Mining Exclusion) (IUCN VI)",649.583230249,"1899/12/30","1899/12/30","3",115.3559333,-33.3768333
"28","13RC6",6,29.7,"Special Purpose Zone (Mining Exclusion)",52,2,"South-west","Geographe",976.656117,"Special Purpose Zone (Mining Exclusion)","VI","Special Purpose Zone (Mining Exclusion) (IUCN VI)",649.583230249,"1899/12/30","1899/12/30","3",115.3892333,-33.3809667
"29","13RC7",6,29.5,"Special Purpose Zone (Mining Exclusion)",53,2,"South-west","Geographe",976.656117,"Special Purpose Zone (Mining Exclusion)","VI","Special Purpose Zone (Mining Exclusion) (IUCN VI)",649.583230249,"1899/12/30","1899/12/30","3",115.38605,-33.3774333
"30","13RC8",8,30.4,"Special Purpose Zone (Mining Exclusion)",54,2,"South-west","Geographe",976.656117,"Special Purpose Zone (Mining Exclusion)","VI","Special Purpose Zone (Mining Exclusion) (IUCN VI)",649.583230249,"1899/12/30","1899/12/30","3",115.3791,-33.3726
"31","13RC9",11,30.9,"Special Purpose Zone (Mining Exclusion)",55,2,"South-west","Geographe",976.656117,"Special Purpose Zone (Mining Exclusion)","VI","Special Purpose Zone (Mining Exclusion) (IUCN VI)",649.583230249,"1899/12/30","1899/12/30","3",115.3747833,-33.3730667
"32","151",2,17.2,"Special Purpose Zone (Mining Exclusion)",59,2,"South-west","Geographe",976.656117,"Special Purpose Zone (Mining Exclusion)","VI","Special Purpose Zone (Mining Exclusion) (IUCN VI)",649.583230249,"1899/12/30","1899/12/30","5",115.4328833,-33.4768
"33","16",0,20,"Special Purpose Zone (Mining Exclusion)",60,2,"South-west","Geographe",976.656117,"Special Purpose Zone (Mining Exclusion)","VI","Special Purpose Zone (Mining Exclusion) (IUCN VI)",649.583230249,"1899/12/30","1899/12/30","7",115.4986167,-33.3889
"34","167",1,14.4,"Special Purpose Zone (Mining Exclusion)",62,2,"South-west","Geographe",976.656117,"Special Purpose Zone (Mining Exclusion)","VI","Special Purpose Zone (Mining Exclusion) (IUCN VI)",649.583230249,"1899/12/30","1899/12/30","5",115.4805667,-33.4627333
"35","17",8,38.8,"Special Purpose Zone (Mining Exclusion)",63,2,"South-west","Geographe",976.656117,"Special Purpose Zone (Mining Exclusion)","VI","Special Purpose Zone (Mining Exclusion) (IUCN VI)",649.583230249,"1899/12/30","1899/12/30","1",115.23265,-33.3635833
"36","18",0,42.4,"Special Purpose Zone (Mining Exclusion)",65,2,"South-west","Geographe",976.656117,"Special Purpose Zone (Mining Exclusion)","VI","Special Purpose Zone (Mining Exclusion) (IUCN VI)",649.583230249,"1899/12/30","1899/12/30","8",115.0981333,-33.3926
"37","19",0,26,"Special Purpose Zone (Mining Exclusion)",67,2,"South-west","Geographe",976.656117,"Special Purpose Zone (Mining Exclusion)","VI","Special Purpose Zone (Mining Exclusion) (IUCN VI)",649.583230249,"1899/12/30","1899/12/30","4",115.3618,-33.4605
"38","2",26,40.5,"Special Purpose Zone (Mining Exclusion)",69,2,"South-west","Geographe",976.656117,"Special Purpose Zone (Mining Exclusion)","VI","Special Purpose Zone (Mining Exclusion) (IUCN VI)",649.583230249,"1899/12/30","1899/12/30","6",115.10095,-33.4405333
"39","20",7,36,"Special Purpose Zone (Mining Exclusion)",70,2,"South-west","Geographe",976.656117,"Special Purpose Zone (Mining Exclusion)","VI","Special Purpose Zone (Mining Exclusion) (IUCN VI)",649.583230249,"1899/12/30","1899/12/30","2",115.2221167,-33.4338667
"40","21",0,15.7,"Special Purpose Zone (Mining Exclusion)",72,2,"South-west","Geographe",976.656117,"Special Purpose Zone (Mining Exclusion)","VI","Special Purpose Zone (Mining Exclusion) (IUCN VI)",649.583230249,"1899/12/30","1899/12/30","3",115.39765,-33.3857167
"41","224",1,16.5,"Special Purpose Zone (Mining Exclusion)",74,2,"South-west","Geographe",976.656117,"Special Purpose Zone (Mining Exclusion)","VI","Special Purpose Zone (Mining Exclusion) (IUCN VI)",649.583230249,"1899/12/30","1899/12/30","7",115.5035833,-33.4189
"42","24",2,29.2,"Special Purpose Zone (Mining Exclusion)",76,2,"South-west","Geographe",976.656117,"Special Purpose Zone (Mining Exclusion)","VI","Special Purpose Zone (Mining Exclusion) (IUCN VI)",649.583230249,"1899/12/30","1899/12/30","4",115.2861667,-33.47115
"43","240",2,18.9,"Special Purpose Zone (Mining Exclusion)",77,2,"South-west","Geographe",976.656117,"Special Purpose Zone (Mining Exclusion)","VI","Special Purpose Zone (Mining Exclusion) (IUCN VI)",649.583230249,"1899/12/30","1899/12/30","5",115.4684667,-33.4387833
"44","25",0,42.5,"Special Purpose Zone (Mining Exclusion)",78,2,"South-west","Geographe",976.656117,"Special Purpose Zone (Mining Exclusion)","VI","Special Purpose Zone (Mining Exclusion) (IUCN VI)",649.583230249,"1899/12/30","1899/12/30","8",115.0827833,-33.3833333
"45","256",4,11.1,"Special Purpose Zone (Mining Exclusion)",79,2,"South-west","Geographe",976.656117,"Special Purpose Zone (Mining Exclusion)","VI","Special Purpose Zone (Mining Exclusion) (IUCN VI)",649.583230249,"1899/12/30","1899/12/30","7",115.4774833,-33.4083167
"46","272",13,11.7,"Special Purpose Zone (Mining Exclusion)",84,2,"South-west","Geographe",976.656117,"Special Purpose Zone (Mining Exclusion)","VI","Special Purpose Zone (Mining Exclusion) (IUCN VI)",649.583230249,"1899/12/30","1899/12/30","7",115.4879333,-33.3815
"47","28",5,34,"Special Purpose Zone (Mining Exclusion)",86,2,"South-west","Geographe",976.656117,"Special Purpose Zone (Mining Exclusion)","VI","Special Purpose Zone (Mining Exclusion) (IUCN VI)",649.583230249,"1899/12/30","1899/12/30","1",115.2872833,-33.42715
"48","288",1,14.3,"Special Purpose Zone (Mining Exclusion)",89,2,"South-west","Geographe",976.656117,"Special Purpose Zone (Mining Exclusion)","VI","Special Purpose Zone (Mining Exclusion) (IUCN VI)",649.583230249,"1899/12/30","1899/12/30","5",115.4775833,-33.4709833
"49","30",0,31.8,"Special Purpose Zone (Mining Exclusion)",92,2,"South-west","Geographe",976.656117,"Special Purpose Zone (Mining Exclusion)","VI","Special Purpose Zone (Mining Exclusion) (IUCN VI)",649.583230249,"1899/12/30","1899/12/30","3",115.33405,-33.42405
"50","316",19,9.3,"Special Purpose Zone (Mining Exclusion)",94,2,"South-west","Geographe",976.656117,"Special Purpose Zone (Mining Exclusion)","VI","Special Purpose Zone (Mining Exclusion) (IUCN VI)",649.583230249,"1899/12/30","1899/12/30","7",115.5281667,-33.3839667
"51","32",2,14.1,"Special Purpose Zone (Mining Exclusion)",95,2,"South-west","Geographe",976.656117,"Special Purpose Zone (Mining Exclusion)","VI","Special Purpose Zone (Mining Exclusion) (IUCN VI)",649.583230249,"1899/12/30","1899/12/30","5",115.46205,-33.4807833
"52","320",1,15.1,"Special Purpose Zone (Mining Exclusion)",96,2,"South-west","Geographe",976.656117,"Special Purpose Zone (Mining Exclusion)","VI","Special Purpose Zone (Mining Exclusion) (IUCN VI)",649.583230249,"1899/12/30","1899/12/30","7",115.49575,-33.4417833
"53","33",4,34.1,"Special Purpose Zone (Mining Exclusion)",98,2,"South-west","Geographe",976.656117,"Special Purpose Zone (Mining Exclusion)","VI","Special Purpose Zone (Mining Exclusion) (IUCN VI)",649.583230249,"1899/12/30","1899/12/30","1",115.3204833,-33.3527667
"54","34",0,43,"Special Purpose Zone (Mining Exclusion)",101,2,"South-west","Geographe",976.656117,"Special Purpose Zone (Mining Exclusion)","VI","Special Purpose Zone (Mining Exclusion) (IUCN VI)",649.583230249,"1899/12/30","1899/12/30","8",115.0739,-33.3845167
"55","35",12,27.9,"Special Purpose Zone (Mining Exclusion)",102,2,"South-west","Geographe",976.656117,"Special Purpose Zone (Mining Exclusion)","VI","Special Purpose Zone (Mining Exclusion) (IUCN VI)",649.583230249,"1899/12/30","1899/12/30","3",115.4157167,-33.4055
"56","352",3,15.2,"Special Purpose Zone (Mining Exclusion)",103,2,"South-west","Geographe",976.656117,"Special Purpose Zone (Mining Exclusion)","VI","Special Purpose Zone (Mining Exclusion) (IUCN VI)",649.583230249,"1899/12/30","1899/12/30","5",115.4879833,-33.4517667
"57","36",0,38.2,"Special Purpose Zone (Mining Exclusion)",104,2,"South-west","Geographe",976.656117,"Special Purpose Zone (Mining Exclusion)","VI","Special Purpose Zone (Mining Exclusion) (IUCN VI)",649.583230249,"1899/12/30","1899/12/30","2",115.20765,-33.4269
"58","37",0,30.3,"Special Purpose Zone (Mining Exclusion)",105,2,"South-west","Geographe",976.656117,"Special Purpose Zone (Mining Exclusion)","VI","Special Purpose Zone (Mining Exclusion) (IUCN VI)",649.583230249,"1899/12/30","1899/12/30","3",115.3721,-33.3585
"59","384",5,13.5,"Special Purpose Zone (Mining Exclusion)",109,2,"South-west","Geographe",976.656117,"Special Purpose Zone (Mining Exclusion)","VI","Special Purpose Zone (Mining Exclusion) (IUCN VI)",649.583230249,"1899/12/30","1899/12/30","7",115.51415,-33.4274667
"60","39",4,19.8,"Special Purpose Zone (Mining Exclusion)",110,2,"South-west","Geographe",976.656117,"Special Purpose Zone (Mining Exclusion)","VI","Special Purpose Zone (Mining Exclusion) (IUCN VI)",649.583230249,"1899/12/30","1899/12/30","5",115.43285,-33.465
"61","4",0,38.4,"Special Purpose Zone (Mining Exclusion)",113,2,"South-west","Geographe",976.656117,"Special Purpose Zone (Mining Exclusion)","VI","Special Purpose Zone (Mining Exclusion) (IUCN VI)",649.583230249,"1899/12/30","1899/12/30","1",115.2280833,-33.3921
"62","40",0,33.7,"Special Purpose Zone (Mining Exclusion)",114,2,"South-west","Geographe",976.656117,"Special Purpose Zone (Mining Exclusion)","VI","Special Purpose Zone (Mining Exclusion) (IUCN VI)",649.583230249,"1899/12/30","1899/12/30","2",115.2287167,-33.4719667
"63","400",0,9.8,"Special Purpose Zone (Mining Exclusion)",115,2,"South-west","Geographe",976.656117,"Special Purpose Zone (Mining Exclusion)","VI","Special Purpose Zone (Mining Exclusion) (IUCN VI)",649.583230249,"1899/12/30","1899/12/30","7",115.5516833,-33.3575833
"64","41",0,42.5,"Special Purpose Zone (Mining Exclusion)",117,2,"South-west","Geographe",976.656117,"Special Purpose Zone (Mining Exclusion)","VI","Special Purpose Zone (Mining Exclusion) (IUCN VI)",649.583230249,"1899/12/30","1899/12/30","8",115.0985833,-33.36785
"65","432",2,10.7,"Special Purpose Zone (Mining Exclusion)",119,2,"South-west","Geographe",976.656117,"Special Purpose Zone (Mining Exclusion)","VI","Special Purpose Zone (Mining Exclusion) (IUCN VI)",649.583230249,"1899/12/30","1899/12/30","5",115.4686,-33.4270333
"66","44",12,34.4,"Special Purpose Zone (Mining Exclusion)",120,2,"South-west","Geographe",976.656117,"Special Purpose Zone (Mining Exclusion)","VI","Special Purpose Zone (Mining Exclusion) (IUCN VI)",649.583230249,"1899/12/30","1899/12/30","1",115.30965,-33.3984333
"67","448",7,10.6,"Special Purpose Zone (Mining Exclusion)",123,2,"South-west","Geographe",976.656117,"Special Purpose Zone (Mining Exclusion)","VI","Special Purpose Zone (Mining Exclusion) (IUCN VI)",649.583230249,"1899/12/30","1899/12/30","7",115.4930667,-33.3965
"68","45",0,41.1,"Special Purpose Zone (Mining Exclusion)",124,2,"South-west","Geographe",976.656117,"Special Purpose Zone (Mining Exclusion)","VI","Special Purpose Zone (Mining Exclusion) (IUCN VI)",649.583230249,"1899/12/30","1899/12/30","6",115.13165,-33.4445667
"69","46",0,18,"Special Purpose Zone (Mining Exclusion)",126,2,"South-west","Geographe",976.656117,"Special Purpose Zone (Mining Exclusion)","VI","Special Purpose Zone (Mining Exclusion) (IUCN VI)",649.583230249,"1899/12/30","1899/12/30","3",115.3493,-33.4028
"70","48",0,17.2,"Special Purpose Zone (Mining Exclusion)",128,2,"South-west","Geographe",976.656117,"Special Purpose Zone (Mining Exclusion)","VI","Special Purpose Zone (Mining Exclusion) (IUCN VI)",649.583230249,"1899/12/30","1899/12/30","7",115.5133833,-33.40275
"71","49",0,37.7,"Special Purpose Zone (Mining Exclusion)",129,2,"South-west","Geographe",976.656117,"Special Purpose Zone (Mining Exclusion)","VI","Special Purpose Zone (Mining Exclusion) (IUCN VI)",649.583230249,"1899/12/30","1899/12/30","1",115.2720667,-33.3809167
"72","5",20,25.7,"Special Purpose Zone (Mining Exclusion)",131,2,"South-west","Geographe",976.656117,"Special Purpose Zone (Mining Exclusion)","VI","Special Purpose Zone (Mining Exclusion) (IUCN VI)",649.583230249,"1899/12/30","1899/12/30","7",115.45495,-33.3627833
"73","50",1,40.5,"Special Purpose Zone (Mining Exclusion)",132,2,"South-west","Geographe",976.656117,"Special Purpose Zone (Mining Exclusion)","VI","Special Purpose Zone (Mining Exclusion) (IUCN VI)",649.583230249,"1899/12/30","1899/12/30","2",115.1742333,-33.4108
"74","51",4,25.4,"Special Purpose Zone (Mining Exclusion)",135,2,"South-west","Geographe",976.656117,"Special Purpose Zone (Mining Exclusion)","VI","Special Purpose Zone (Mining Exclusion) (IUCN VI)",649.583230249,"1899/12/30","1899/12/30","5",115.41365,-33.4315667
"75","53",0,31.4,"Special Purpose Zone (Mining Exclusion)",139,2,"South-west","Geographe",976.656117,"Special Purpose Zone (Mining Exclusion)","VI","Special Purpose Zone (Mining Exclusion) (IUCN VI)",649.583230249,"1899/12/30","1899/12/30","3",115.3565167,-33.3582167
"76","544",6,12.3,"Special Purpose Zone (Mining Exclusion)",142,2,"South-west","Geographe",976.656117,"Special Purpose Zone (Mining Exclusion)","VI","Special Purpose Zone (Mining Exclusion) (IUCN VI)",649.583230249,"1899/12/30","1899/12/30","5",115.43405,-33.4464167
"77","583",2,12,"Special Purpose Zone (Mining Exclusion)",150,2,"South-west","Geographe",976.656117,"Special Purpose Zone (Mining Exclusion)","VI","Special Purpose Zone (Mining Exclusion) (IUCN VI)",649.583230249,"1899/12/30","1899/12/30","4",115.3932,-33.47835
"78","6",9,41.8,"Special Purpose Zone (Mining Exclusion)",153,2,"South-west","Geographe",976.656117,"Special Purpose Zone (Mining Exclusion)","VI","Special Purpose Zone (Mining Exclusion) (IUCN VI)",649.583230249,"1899/12/30","1899/12/30","8",115.1204167,-33.4070833
"79","60",0,21.5,"Special Purpose Zone (Mining Exclusion)",154,2,"South-west","Geographe",976.656117,"Special Purpose Zone (Mining Exclusion)","VI","Special Purpose Zone (Mining Exclusion) (IUCN VI)",649.583230249,"1899/12/30","1899/12/30","7",115.5049333,-33.3626167
"80","608",8,16.7,"Special Purpose Zone (Mining Exclusion)",155,2,"South-west","Geographe",976.656117,"Special Purpose Zone (Mining Exclusion)","VI","Special Purpose Zone (Mining Exclusion) (IUCN VI)",649.583230249,"1899/12/30","1899/12/30","5",115.4702833,-33.4551833
"81","62",1,29.3,"Special Purpose Zone (Mining Exclusion)",158,2,"South-west","Geographe",976.656117,"Special Purpose Zone (Mining Exclusion)","VI","Special Purpose Zone (Mining Exclusion) (IUCN VI)",649.583230249,"1899/12/30","1899/12/30","4",115.3306833,-33.4505
"82","624",2,17.5,"Special Purpose Zone (Mining Exclusion)",159,2,"South-west","Geographe",976.656117,"Special Purpose Zone (Mining Exclusion)","VI","Special Purpose Zone (Mining Exclusion) (IUCN VI)",649.583230249,"1899/12/30","1899/12/30","7",115.4918833,-33.4209667
"83","633",3,16.2,"Special Purpose Zone (Mining Exclusion)",162,2,"South-west","Geographe",976.656117,"Special Purpose Zone (Mining Exclusion)","VI","Special Purpose Zone (Mining Exclusion) (IUCN VI)",649.583230249,"1899/12/30","1899/12/30","5",115.4535,-33.4711667
"84","64",4,14.2,"Special Purpose Zone (Mining Exclusion)",165,2,"South-west","Geographe",976.656117,"Special Purpose Zone (Mining Exclusion)","VI","Special Purpose Zone (Mining Exclusion) (IUCN VI)",649.583230249,"1899/12/30","1899/12/30","7",115.50945,-33.4364167
"85","65",0,39.4,"Special Purpose Zone (Mining Exclusion)",167,2,"South-west","Geographe",976.656117,"Special Purpose Zone (Mining Exclusion)","VI","Special Purpose Zone (Mining Exclusion) (IUCN VI)",649.583230249,"1899/12/30","1899/12/30","1",115.2047667,-33.3597167
"86","656",1,9,"Special Purpose Zone (Mining Exclusion)",170,2,"South-west","Geographe",976.656117,"Special Purpose Zone (Mining Exclusion)","VI","Special Purpose Zone (Mining Exclusion) (IUCN VI)",649.583230249,"1899/12/30","1899/12/30","7",115.5503833,-33.3713167
"87","67",6,39.4,"Special Purpose Zone (Mining Exclusion)",172,2,"South-west","Geographe",976.656117,"Special Purpose Zone (Mining Exclusion)","VI","Special Purpose Zone (Mining Exclusion) (IUCN VI)",649.583230249,"1899/12/30","1899/12/30","6",115.0859333,-33.4783167
"88","672",1,8.4,"Special Purpose Zone (Mining Exclusion)",173,2,"South-west","Geographe",976.656117,"Special Purpose Zone (Mining Exclusion)","VI","Special Purpose Zone (Mining Exclusion) (IUCN VI)",649.583230249,"1899/12/30","1899/12/30","7",115.53565,-33.4004333
"89","679",2,12,"Special Purpose Zone (Mining Exclusion)",174,2,"South-west","Geographe",976.656117,"Special Purpose Zone (Mining Exclusion)","VI","Special Purpose Zone (Mining Exclusion) (IUCN VI)",649.583230249,"1899/12/30","1899/12/30","5",115.4152667,-33.4721333
"90","68",0,38.9,"Special Purpose Zone (Mining Exclusion)",175,2,"South-west","Geographe",976.656117,"Special Purpose Zone (Mining Exclusion)","VI","Special Purpose Zone (Mining Exclusion) (IUCN VI)",649.583230249,"1899/12/30","1899/12/30","1",115.2426,-33.3881667
"91","69",0,28.7,"Special Purpose Zone (Mining Exclusion)",178,2,"South-west","Geographe",976.656117,"Special Purpose Zone (Mining Exclusion)","VI","Special Purpose Zone (Mining Exclusion) (IUCN VI)",649.583230249,"1899/12/30","1899/12/30","3",115.4040333,-33.3534333
"92","7",29,23.2,"Special Purpose Zone (Mining Exclusion)",181,2,"South-west","Geographe",976.656117,"Special Purpose Zone (Mining Exclusion)","VI","Special Purpose Zone (Mining Exclusion) (IUCN VI)",649.583230249,"1899/12/30","1899/12/30","5",115.4457,-33.4204833
"93","70",2,41,"Special Purpose Zone (Mining Exclusion)",182,2,"South-west","Geographe",976.656117,"Special Purpose Zone (Mining Exclusion)","VI","Special Purpose Zone (Mining Exclusion) (IUCN VI)",649.583230249,"1899/12/30","1899/12/30","2",115.1513667,-33.4158833
"94","71",2,24.4,"Special Purpose Zone (Mining Exclusion)",183,2,"South-west","Geographe",976.656117,"Special Purpose Zone (Mining Exclusion)","VI","Special Purpose Zone (Mining Exclusion) (IUCN VI)",649.583230249,"1899/12/30","1899/12/30","5",115.4286667,-33.4270833
"95","72",14,29.4,"Special Purpose Zone (Mining Exclusion)",185,2,"South-west","Geographe",976.656117,"Special Purpose Zone (Mining Exclusion)","VI","Special Purpose Zone (Mining Exclusion) (IUCN VI)",649.583230249,"1899/12/30","1899/12/30","4",115.32235,-33.4624833
"96","73",0,41.5,"Special Purpose Zone (Mining Exclusion)",186,2,"South-west","Geographe",976.656117,"Special Purpose Zone (Mining Exclusion)","VI","Special Purpose Zone (Mining Exclusion) (IUCN VI)",649.583230249,"1899/12/30","1899/12/30","8",115.1456,-33.3718
"97","748",0,11.1,"Special Purpose Zone (Mining Exclusion)",188,2,"South-west","Geographe",976.656117,"Special Purpose Zone (Mining Exclusion)","VI","Special Purpose Zone (Mining Exclusion) (IUCN VI)",649.583230249,"1899/12/30","1899/12/30","7",115.5138333,-33.3695667
"98","755",1,11.3,"Special Purpose Zone (Mining Exclusion)",190,2,"South-west","Geographe",976.656117,"Special Purpose Zone (Mining Exclusion)","VI","Special Purpose Zone (Mining Exclusion) (IUCN VI)",649.583230249,"1899/12/30","1899/12/30","5",115.4571167,-33.43385
"99","76",0,35.2,"Special Purpose Zone (Mining Exclusion)",192,2,"South-west","Geographe",976.656117,"Special Purpose Zone (Mining Exclusion)","VI","Special Purpose Zone (Mining Exclusion) (IUCN VI)",649.583230249,"1899/12/30","1899/12/30","1",115.2846833,-33.41295
"100","764",2,11.6,"Special Purpose Zone (Mining Exclusion)",194,2,"South-west","Geographe",976.656117,"Special Purpose Zone (Mining Exclusion)","VI","Special Purpose Zone (Mining Exclusion) (IUCN VI)",649.583230249,"1899/12/30","1899/12/30","7",115.49605,-33.3744333
"101","77",13,40.8,"Special Purpose Zone (Mining Exclusion)",195,2,"South-west","Geographe",976.656117,"Special Purpose Zone (Mining Exclusion)","VI","Special Purpose Zone (Mining Exclusion) (IUCN VI)",649.583230249,"1899/12/30","1899/12/30","6",115.1029,-33.45575
"102","80",0,20.7,"Special Purpose Zone (Mining Exclusion)",202,2,"South-west","Geographe",976.656117,"Special Purpose Zone (Mining Exclusion)","VI","Special Purpose Zone (Mining Exclusion) (IUCN VI)",649.583230249,"1899/12/30","1899/12/30","7",115.5195333,-33.3515833
"103","81",0,38.9,"Special Purpose Zone (Mining Exclusion)",204,2,"South-west","Geographe",976.656117,"Special Purpose Zone (Mining Exclusion)","VI","Special Purpose Zone (Mining Exclusion) (IUCN VI)",649.583230249,"1899/12/30","1899/12/30","1",115.23045,-33.3788167
"104","82",0,42.6,"Special Purpose Zone (Mining Exclusion)",206,2,"South-west","Geographe",976.656117,"Special Purpose Zone (Mining Exclusion)","VI","Special Purpose Zone (Mining Exclusion) (IUCN VI)",649.583230249,"1899/12/30","1899/12/30","8",115.1102833,-33.3955167
"105","83",0,24.6,"Special Purpose Zone (Mining Exclusion)",209,2,"South-west","Geographe",976.656117,"Special Purpose Zone (Mining Exclusion)","VI","Special Purpose Zone (Mining Exclusion) (IUCN VI)",649.583230249,"1899/12/30","1899/12/30","4",115.37905,-33.46935
"106","84",12,41,"Special Purpose Zone (Mining Exclusion)",211,2,"South-west","Geographe",976.656117,"Special Purpose Zone (Mining Exclusion)","VI","Special Purpose Zone (Mining Exclusion) (IUCN VI)",649.583230249,"1899/12/30","1899/12/30","2",115.1924,-33.3964667
"107","848",2,10.4,"Special Purpose Zone (Mining Exclusion)",213,2,"South-west","Geographe",976.656117,"Special Purpose Zone (Mining Exclusion)","VI","Special Purpose Zone (Mining Exclusion) (IUCN VI)",649.583230249,"1899/12/30","1899/12/30","7",115.5323,-33.35185
"108","89",0,43.9,"Special Purpose Zone (Mining Exclusion)",219,2,"South-west","Geographe",976.656117,"Special Purpose Zone (Mining Exclusion)","VI","Special Purpose Zone (Mining Exclusion) (IUCN VI)",649.583230249,"1899/12/30","1899/12/30","8",115.0563833,-33.3828167
"109","9",11,41.8,"Special Purpose Zone (Mining Exclusion)",220,2,"South-west","Geographe",976.656117,"Special Purpose Zone (Mining Exclusion)","VI","Special Purpose Zone (Mining Exclusion) (IUCN VI)",649.583230249,"1899/12/30","1899/12/30","8",115.1361167,-33.3643333
"110","92",0,33,"Special Purpose Zone (Mining Exclusion)",223,2,"South-west","Geographe",976.656117,"Special Purpose Zone (Mining Exclusion)","VI","Special Purpose Zone (Mining Exclusion) (IUCN VI)",649.583230249,"1899/12/30","1899/12/30","3",115.3149833,-33.4175833
"111","93",0,36,"Special Purpose Zone (Mining Exclusion)",224,2,"South-west","Geographe",976.656117,"Special Purpose Zone (Mining Exclusion)","VI","Special Purpose Zone (Mining Exclusion) (IUCN VI)",649.583230249,"1899/12/30","1899/12/30","6",115.15275,-33.4813167
"112","96",0,15.9,"Special Purpose Zone (Mining Exclusion)",226,2,"South-west","Geographe",976.656117,"Special Purpose Zone (Mining Exclusion)","VI","Special Purpose Zone (Mining Exclusion) (IUCN VI)",649.583230249,"1899/12/30","1899/12/30","5",115.4808167,-33.4489
"113","97",20,35.6,"Special Purpose Zone (Mining Exclusion)",227,2,"South-west","Geographe",976.656117,"Special Purpose Zone (Mining Exclusion)","VI","Special Purpose Zone (Mining Exclusion) (IUCN VI)",649.583230249,"1899/12/30","1899/12/30","1",115.2926667,-33.38465
"114","98",7,38,"Special Purpose Zone (Mining Exclusion)",228,2,"South-west","Geographe",976.656117,"Special Purpose Zone (Mining Exclusion)","VI","Special Purpose Zone (Mining Exclusion) (IUCN VI)",649.583230249,"1899/12/30","1899/12/30","2",115.1726667,-33.434
"115","99",4,15.4,"Special Purpose Zone (Mining Exclusion)",229,2,"South-west","Geographe",976.656117,"Special Purpose Zone (Mining Exclusion)","VI","Special Purpose Zone (Mining Exclusion) (IUCN VI)",649.583230249,"1899/12/30","1899/12/30","3",115.3990167,-33.3953
"116","RC1",16,34.2,"Special Purpose Zone (Mining Exclusion)",241,2,"South-west","Geographe",976.656117,"Special Purpose Zone (Mining Exclusion)","VI","Special Purpose Zone (Mining Exclusion) (IUCN VI)",649.583230249,"1899/12/30","1899/12/30","2",115.23995,-33.4628
"117","RC3",5,35,"Special Purpose Zone (Mining Exclusion)",243,2,"South-west","Geographe",976.656117,"Special Purpose Zone (Mining Exclusion)","VI","Special Purpose Zone (Mining Exclusion) (IUCN VI)",649.583230249,"1899/12/30","1899/12/30","6",115.1684167,-33.4704833
"118","10",1,22.7,"Multiple Use Zone",2,4,"South-west","Geographe",976.656117,"Multiple Use Zone","VI","Multiple Use Zone (IUCN VI)",290.727537771,"1899/12/30","1899/12/30","9",115.3313333,-33.5281667
"119","102",0,34.4,"Multiple Use Zone",11,4,"South-west","Geographe",976.656117,"Multiple Use Zone","VI","Multiple Use Zone (IUCN VI)",290.727537771,"1899/12/30","1899/12/30","10",115.1196,-33.5185
"120","1038",2,13.9,"Multiple Use Zone",13,4,"South-west","Geographe",976.656117,"Multiple Use Zone","VI","Multiple Use Zone (IUCN VI)",290.727537771,"1899/12/30","1899/12/30","11",115.4200167,-33.5333333
"121","106",5,13.5,"Multiple Use Zone",15,4,"South-west","Geographe",976.656117,"Multiple Use Zone","VI","Multiple Use Zone (IUCN VI)",290.727537771,"1899/12/30","1899/12/30","9",115.3451333,-33.57825
"122","107",16,20.9,"Multiple Use Zone",16,4,"South-west","Geographe",976.656117,"Multiple Use Zone","VI","Multiple Use Zone (IUCN VI)",290.727537771,"1899/12/30","1899/12/30","12",115.1881167,-33.5833333
"123","11",4,21.7,"Multiple Use Zone",18,4,"South-west","Geographe",976.656117,"Multiple Use Zone","VI","Multiple Use Zone (IUCN VI)",290.727537771,"1899/12/30","1899/12/30","13",115.2958167,-33.5712167
"124","111",3,21.9,"Multiple Use Zone",20,4,"South-west","Geographe",976.656117,"Multiple Use Zone","VI","Multiple Use Zone (IUCN VI)",290.727537771,"1899/12/30","1899/12/30","9",115.3219167,-33.5369
"125","116",3,29.7,"Multiple Use Zone",25,4,"South-west","Geographe",976.656117,"Multiple Use Zone","VI","Multiple Use Zone (IUCN VI)",290.727537771,"1899/12/30","1899/12/30","10",115.2863667,-33.4981667
"126","122",5,13.3,"Multiple Use Zone",31,4,"South-west","Geographe",976.656117,"Multiple Use Zone","VI","Multiple Use Zone (IUCN VI)",290.727537771,"1899/12/30","1899/12/30","11",115.4020833,-33.5375
"127","12RC2",17,17.6,"Multiple Use Zone",33,4,"South-west","Geographe",976.656117,"Multiple Use Zone","VI","Multiple Use Zone (IUCN VI)",290.727537771,"1899/12/30","1899/12/30","13",115.23785,-33.5916
"128","12RC3",25,17.9,"Multiple Use Zone",34,4,"South-west","Geographe",976.656117,"Multiple Use Zone","VI","Multiple Use Zone (IUCN VI)",290.727537771,"1899/12/30","1899/12/30","13",115.24145,-33.5914667
"129","12RC5",8,14.2,"Multiple Use Zone",35,4,"South-west","Geographe",976.656117,"Multiple Use Zone","VI","Multiple Use Zone (IUCN VI)",290.727537771,"1899/12/30","1899/12/30","9",115.3443,-33.5621333
"130","12RC6",27,14.7,"Multiple Use Zone",36,4,"South-west","Geographe",976.656117,"Multiple Use Zone","VI","Multiple Use Zone (IUCN VI)",290.727537771,"1899/12/30","1899/12/30","9",115.3481333,-33.5711
"131","12RC7",46,15.2,"Multiple Use Zone",37,4,"South-west","Geographe",976.656117,"Multiple Use Zone","VI","Multiple Use Zone (IUCN VI)",290.727537771,"1899/12/30","1899/12/30","11",115.41785,-33.5118
"132","12RC8",8,14.1,"Multiple Use Zone",38,4,"South-west","Geographe",976.656117,"Multiple Use Zone","VI","Multiple Use Zone (IUCN VI)",290.727537771,"1899/12/30","1899/12/30","11",115.41815,-33.5148667
"133","12RC9",3,14.5,"Multiple Use Zone",39,4,"South-west","Geographe",976.656117,"Multiple Use Zone","VI","Multiple Use Zone (IUCN VI)",290.727537771,"1899/12/30","1899/12/30","11",115.4064167,-33.5162167
"134","135",6,15.8,"Multiple Use Zone",41,4,"South-west","Geographe",976.656117,"Multiple Use Zone","VI","Multiple Use Zone (IUCN VI)",290.727537771,"1899/12/30","1899/12/30","11",115.4207333,-33.50185
"135","139",7,13.4,"Multiple Use Zone",42,4,"South-west","Geographe",976.656117,"Multiple Use Zone","VI","Multiple Use Zone (IUCN VI)",290.727537771,"1899/12/30","1899/12/30","13",115.2736667,-33.60325
"136","13RC1",0,13.8,"Multiple Use Zone",43,4,"South-west","Geographe",976.656117,"Multiple Use Zone","VI","Multiple Use Zone (IUCN VI)",290.727537771,"1899/12/30","1899/12/30","11",115.43075,-33.5059833
"137","13RC2",2,13.4,"Multiple Use Zone",48,4,"South-west","Geographe",976.656117,"Multiple Use Zone","VI","Multiple Use Zone (IUCN VI)",290.727537771,"1899/12/30","1899/12/30","11",115.45595,-33.49485
"138","13RC3",5,13.6,"Multiple Use Zone",49,4,"South-west","Geographe",976.656117,"Multiple Use Zone","VI","Multiple Use Zone (IUCN VI)",290.727537771,"1899/12/30","1899/12/30","11",115.45155,-33.4839333
"139","13RC4",15,19.5,"Multiple Use Zone",50,4,"South-west","Geographe",976.656117,"Multiple Use Zone","VI","Multiple Use Zone (IUCN VI)",290.727537771,"1899/12/30","1899/12/30","11",115.3964667,-33.4993833
"140","13RC5",0,26.8,"Multiple Use Zone",51,4,"South-west","Geographe",976.656117,"Multiple Use Zone","VI","Multiple Use Zone (IUCN VI)",290.727537771,"1899/12/30","1899/12/30","11",115.4656167,-33.4839333
"141","14",8,13.2,"Multiple Use Zone",56,4,"South-west","Geographe",976.656117,"Multiple Use Zone","VI","Multiple Use Zone (IUCN VI)",290.727537771,"1899/12/30","1899/12/30","11",115.4130333,-33.5296667
"142","143",4,23.2,"Multiple Use Zone",57,4,"South-west","Geographe",976.656117,"Multiple Use Zone","VI","Multiple Use Zone (IUCN VI)",290.727537771,"1899/12/30","1899/12/30","13",115.2367,-33.5761667
"143","160",0,13.8,"Multiple Use Zone",61,4,"South-west","Geographe",976.656117,"Multiple Use Zone","VI","Multiple Use Zone (IUCN VI)",290.727537771,"1899/12/30","1899/12/30","13",115.2477833,-33.6033667
"144","183",5,22.6,"Multiple Use Zone",66,4,"South-west","Geographe",976.656117,"Multiple Use Zone","VI","Multiple Use Zone (IUCN VI)",290.727537771,"1899/12/30","1899/12/30","13",115.2488,-33.5687667
"145","196",15,15.9,"Multiple Use Zone",68,4,"South-west","Geographe",976.656117,"Multiple Use Zone","VI","Multiple Use Zone (IUCN VI)",290.727537771,"1899/12/30","1899/12/30","11",115.4045,-33.5098167
"146","22",21,22.6,"Multiple Use Zone",73,4,"South-west","Geographe",976.656117,"Multiple Use Zone","VI","Multiple Use Zone (IUCN VI)",290.727537771,"1899/12/30","1899/12/30","12",115.1806667,-33.57455
"147","23",3,13.6,"Multiple Use Zone",75,4,"South-west","Geographe",976.656117,"Multiple Use Zone","VI","Multiple Use Zone (IUCN VI)",290.727537771,"1899/12/30","1899/12/30","11",115.4289333,-33.5041833
"148","26",27,20.5,"Multiple Use Zone",80,4,"South-west","Geographe",976.656117,"Multiple Use Zone","VI","Multiple Use Zone (IUCN VI)",290.727537771,"1899/12/30","1899/12/30","9",115.3236167,-33.5500333
"149","27",0,28.2,"Multiple Use Zone",81,4,"South-west","Geographe",976.656117,"Multiple Use Zone","VI","Multiple Use Zone (IUCN VI)",290.727537771,"1899/12/30","1899/12/30","12",115.1883833,-33.5463667
"150","270",1,13.7,"Multiple Use Zone",82,4,"South-west","Geographe",976.656117,"Multiple Use Zone","VI","Multiple Use Zone (IUCN VI)",290.727537771,"1899/12/30","1899/12/30","11",115.4206,-33.52045
"151","279",3,14.2,"Multiple Use Zone",85,4,"South-west","Geographe",976.656117,"Multiple Use Zone","VI","Multiple Use Zone (IUCN VI)",290.727537771,"1899/12/30","1899/12/30","11",115.4379167,-33.5011833
"152","282",2,18.2,"Multiple Use Zone",87,4,"South-west","Geographe",976.656117,"Multiple Use Zone","VI","Multiple Use Zone (IUCN VI)",290.727537771,"1899/12/30","1899/12/30","9",115.3322333,-33.5571833
"153","29",9,34.3,"Multiple Use Zone",90,4,"South-west","Geographe",976.656117,"Multiple Use Zone","VI","Multiple Use Zone (IUCN VI)",290.727537771,"1899/12/30","1899/12/30","10",115.1764,-33.4869667
"154","3",0,24.8,"Multiple Use Zone",91,4,"South-west","Geographe",976.656117,"Multiple Use Zone","VI","Multiple Use Zone (IUCN VI)",290.727537771,"1899/12/30","1899/12/30","11",115.3549,-33.4920833
"155","31",0,26.3,"Multiple Use Zone",93,4,"South-west","Geographe",976.656117,"Multiple Use Zone","VI","Multiple Use Zone (IUCN VI)",290.727537771,"1899/12/30","1899/12/30","13",115.2369167,-33.5986333
"156","327",15,11.8,"Multiple Use Zone",97,4,"South-west","Geographe",976.656117,"Multiple Use Zone","VI","Multiple Use Zone (IUCN VI)",290.727537771,"1899/12/30","1899/12/30","11",115.3942,-33.4892333
"157","331",16,14.3,"Multiple Use Zone",99,4,"South-west","Geographe",976.656117,"Multiple Use Zone","VI","Multiple Use Zone (IUCN VI)",290.727537771,"1899/12/30","1899/12/30","13",115.2530333,-33.6030833
"158","38",0,34.5,"Multiple Use Zone",108,4,"South-west","Geographe",976.656117,"Multiple Use Zone","VI","Multiple Use Zone (IUCN VI)",290.727537771,"1899/12/30","1899/12/30","10",115.1274333,-33.5036833
"159","391",4,17,"Multiple Use Zone",111,4,"South-west","Geographe",976.656117,"Multiple Use Zone","VI","Multiple Use Zone (IUCN VI)",290.727537771,"1899/12/30","1899/12/30","11",115.4101333,-33.50165
"160","394",3,19,"Multiple Use Zone",112,4,"South-west","Geographe",976.656117,"Multiple Use Zone","VI","Multiple Use Zone (IUCN VI)",290.727537771,"1899/12/30","1899/12/30","11",115.3820167,-33.5181
"161","407",28,16.2,"Multiple Use Zone",116,4,"South-west","Geographe",976.656117,"Multiple Use Zone","VI","Multiple Use Zone (IUCN VI)",290.727537771,"1899/12/30","1899/12/30","11",115.4274667,-33.4881667
"162","442",3,14.3,"Multiple Use Zone",121,4,"South-west","Geographe",976.656117,"Multiple Use Zone","VI","Multiple Use Zone (IUCN VI)",290.727537771,"1899/12/30","1899/12/30","11",115.41935,-33.5066
"163","455",0,24.9,"Multiple Use Zone",125,4,"South-west","Geographe",976.656117,"Multiple Use Zone","VI","Multiple Use Zone (IUCN VI)",290.727537771,"1899/12/30","1899/12/30","12",115.1820333,-33.5671333
"164","47",1,24.3,"Multiple Use Zone",127,4,"South-west","Geographe",976.656117,"Multiple Use Zone","VI","Multiple Use Zone (IUCN VI)",290.727537771,"1899/12/30","1899/12/30","13",115.2877667,-33.5485
"165","490",3,13.4,"Multiple Use Zone",130,4,"South-west","Geographe",976.656117,"Multiple Use Zone","VI","Multiple Use Zone (IUCN VI)",290.727537771,"1899/12/30","1899/12/30","9",115.3612,-33.5613
"166","503",0,16.3,"Multiple Use Zone",133,4,"South-west","Geographe",976.656117,"Multiple Use Zone","VI","Multiple Use Zone (IUCN VI)",290.727537771,"1899/12/30","1899/12/30","13",115.3097667,-33.5845333
"167","506",42,14.1,"Multiple Use Zone",134,4,"South-west","Geographe",976.656117,"Multiple Use Zone","VI","Multiple Use Zone (IUCN VI)",290.727537771,"1899/12/30","1899/12/30","11",115.4165,-33.5173833
"168","52",0,29.7,"Multiple Use Zone",136,4,"South-west","Geographe",976.656117,"Multiple Use Zone","VI","Multiple Use Zone (IUCN VI)",290.727537771,"1899/12/30","1899/12/30","10",115.2982,-33.49265
"169","523",1,26,"Multiple Use Zone",137,4,"South-west","Geographe",976.656117,"Multiple Use Zone","VI","Multiple Use Zone (IUCN VI)",290.727537771,"1899/12/30","1899/12/30","12",115.1589167,-33.5634333
"170","54",26,33.1,"Multiple Use Zone",140,4,"South-west","Geographe",976.656117,"Multiple Use Zone","VI","Multiple Use Zone (IUCN VI)",290.727537771,"1899/12/30","1899/12/30","10",115.1532,-33.51305
"171","543",7,16.7,"Multiple Use Zone",141,4,"South-west","Geographe",976.656117,"Multiple Use Zone","VI","Multiple Use Zone (IUCN VI)",290.727537771,"1899/12/30","1899/12/30","13",115.2434,-33.5950333
"172","55",1,22.2,"Multiple Use Zone",143,4,"South-west","Geographe",976.656117,"Multiple Use Zone","VI","Multiple Use Zone (IUCN VI)",290.727537771,"1899/12/30","1899/12/30","13",115.2801167,-33.5708667
"173","56",3,32,"Multiple Use Zone",145,4,"South-west","Geographe",976.656117,"Multiple Use Zone","VI","Multiple Use Zone (IUCN VI)",290.727537771,"1899/12/30","1899/12/30","10",115.2224167,-33.4953
"174","567",14,17.4,"Multiple Use Zone",146,4,"South-west","Geographe",976.656117,"Multiple Use Zone","VI","Multiple Use Zone (IUCN VI)",290.727537771,"1899/12/30","1899/12/30","13",115.2760167,-33.5866833
"175","570",0,24.6,"Multiple Use Zone",147,4,"South-west","Geographe",976.656117,"Multiple Use Zone","VI","Multiple Use Zone (IUCN VI)",290.727537771,"1899/12/30","1899/12/30","12",115.1625333,-33.5731333
"176","579",5,22,"Multiple Use Zone",148,4,"South-west","Geographe",976.656117,"Multiple Use Zone","VI","Multiple Use Zone (IUCN VI)",290.727537771,"1899/12/30","1899/12/30","11",115.37405,-33.5017167
"177","599",6,13.9,"Multiple Use Zone",152,4,"South-west","Geographe",976.656117,"Multiple Use Zone","VI","Multiple Use Zone (IUCN VI)",290.727537771,"1899/12/30","1899/12/30","11",115.4508,-33.5021167
"178","61",4,34.8,"Multiple Use Zone",156,4,"South-west","Geographe",976.656117,"Multiple Use Zone","VI","Multiple Use Zone (IUCN VI)",290.727537771,"1899/12/30","1899/12/30","10",115.1345167,-33.4992833
"179","618",30,14.5,"Multiple Use Zone",157,4,"South-west","Geographe",976.656117,"Multiple Use Zone","VI","Multiple Use Zone (IUCN VI)",290.727537771,"1899/12/30","1899/12/30","9",115.3528167,-33.5678833
"180","63",13,30,"Multiple Use Zone",160,4,"South-west","Geographe",976.656117,"Multiple Use Zone","VI","Multiple Use Zone (IUCN VI)",290.727537771,"1899/12/30","1899/12/30","10",115.2562,-33.50385
"181","631",5,21,"Multiple Use Zone",161,4,"South-west","Geographe",976.656117,"Multiple Use Zone","VI","Multiple Use Zone (IUCN VI)",290.727537771,"1899/12/30","1899/12/30","13",115.2541167,-33.5778833
"182","634",2,13,"Multiple Use Zone",163,4,"South-west","Geographe",976.656117,"Multiple Use Zone","VI","Multiple Use Zone (IUCN VI)",290.727537771,"1899/12/30","1899/12/30","11",115.4141167,-33.5336667
"183","635",2,21.2,"Multiple Use Zone",164,4,"South-west","Geographe",976.656117,"Multiple Use Zone","VI","Multiple Use Zone (IUCN VI)",290.727537771,"1899/12/30","1899/12/30","12",115.1995667,-33.5809667
"184","647",1,15.3,"Multiple Use Zone",166,4,"South-west","Geographe",976.656117,"Multiple Use Zone","VI","Multiple Use Zone (IUCN VI)",290.727537771,"1899/12/30","1899/12/30","11",115.42465,-33.4926
"185","650",2,21.1,"Multiple Use Zone",168,4,"South-west","Geographe",976.656117,"Multiple Use Zone","VI","Multiple Use Zone (IUCN VI)",290.727537771,"1899/12/30","1899/12/30","11",115.3715667,-33.5131167
"186","655",11,20.5,"Multiple Use Zone",169,4,"South-west","Geographe",976.656117,"Multiple Use Zone","VI","Multiple Use Zone (IUCN VI)",290.727537771,"1899/12/30","1899/12/30","13",115.2456833,-33.5812
"187","682",3,15.2,"Multiple Use Zone",176,4,"South-west","Geographe",976.656117,"Multiple Use Zone","VI","Multiple Use Zone (IUCN VI)",290.727537771,"1899/12/30","1899/12/30","9",115.3354167,-33.5696167
"188","684",0,20.6,"Multiple Use Zone",177,4,"South-west","Geographe",976.656117,"Multiple Use Zone","VI","Multiple Use Zone (IUCN VI)",290.727537771,"1899/12/30","1899/12/30","12",115.1735,-33.5845333
"189","694",7,21.3,"Multiple Use Zone",179,4,"South-west","Geographe",976.656117,"Multiple Use Zone","VI","Multiple Use Zone (IUCN VI)",290.727537771,"1899/12/30","1899/12/30","9",115.34985,-33.5280667
"190","698",10,14,"Multiple Use Zone",180,4,"South-west","Geographe",976.656117,"Multiple Use Zone","VI","Multiple Use Zone (IUCN VI)",290.727537771,"1899/12/30","1899/12/30","11",115.4035333,-33.5246167
"191","746",0,13.2,"Multiple Use Zone",187,4,"South-west","Geographe",976.656117,"Multiple Use Zone","VI","Multiple Use Zone (IUCN VI)",290.727537771,"1899/12/30","1899/12/30","9",115.3570667,-33.5794333
"192","75",4,16.6,"Multiple Use Zone",189,4,"South-west","Geographe",976.656117,"Multiple Use Zone","VI","Multiple Use Zone (IUCN VI)",290.727537771,"1899/12/30","1899/12/30","13",115.29455,-33.5893333
"193","759",51,17.3,"Multiple Use Zone",191,4,"South-west","Geographe",976.656117,"Multiple Use Zone","VI","Multiple Use Zone (IUCN VI)",290.727537771,"1899/12/30","1899/12/30","13",115.3173333,-33.5759
"194","762",8,13,"Multiple Use Zone",193,4,"South-west","Geographe",976.656117,"Multiple Use Zone","VI","Multiple Use Zone (IUCN VI)",290.727537771,"1899/12/30","1899/12/30","11",115.4149,-33.5198667
"195","78",1,13.4,"Multiple Use Zone",197,4,"South-west","Geographe",976.656117,"Multiple Use Zone","VI","Multiple Use Zone (IUCN VI)",290.727537771,"1899/12/30","1899/12/30","11",115.4437667,-33.5076
"196","782",3,13.7,"Multiple Use Zone",198,4,"South-west","Geographe",976.656117,"Multiple Use Zone","VI","Multiple Use Zone (IUCN VI)",290.727537771,"1899/12/30","1899/12/30","11",115.4368333,-33.5142
"197","791",31,15,"Multiple Use Zone",201,4,"South-west","Geographe",976.656117,"Multiple Use Zone","VI","Multiple Use Zone (IUCN VI)",290.727537771,"1899/12/30","1899/12/30","11",115.4435167,-33.4851333
"198","800",11,22.9,"Multiple Use Zone",203,4,"South-west","Geographe",976.656117,"Multiple Use Zone","VI","Multiple Use Zone (IUCN VI)",290.727537771,"1899/12/30","1899/12/30","12",115.1934833,-33.5731667
"199","823",5,16.2,"Multiple Use Zone",207,4,"South-west","Geographe",976.656117,"Multiple Use Zone","VI","Multiple Use Zone (IUCN VI)",290.727537771,"1899/12/30","1899/12/30","13",115.2872167,-33.5857333
"200","839",0,20,"Multiple Use Zone",210,4,"South-west","Geographe",976.656117,"Multiple Use Zone","VI","Multiple Use Zone (IUCN VI)",290.727537771,"1899/12/30","1899/12/30","11",115.4085,-33.4873
"201","843",12,14.6,"Multiple Use Zone",212,4,"South-west","Geographe",976.656117,"Multiple Use Zone","VI","Multiple Use Zone (IUCN VI)",290.727537771,"1899/12/30","1899/12/30","13",115.2586,-33.5999833
"202","855",4,15.2,"Multiple Use Zone",214,4,"South-west","Geographe",976.656117,"Multiple Use Zone","VI","Multiple Use Zone (IUCN VI)",290.727537771,"1899/12/30","1899/12/30","11",115.4357667,-33.4901
"203","858",53,16.6,"Multiple Use Zone",215,4,"South-west","Geographe",976.656117,"Multiple Use Zone","VI","Multiple Use Zone (IUCN VI)",290.727537771,"1899/12/30","1899/12/30","9",115.3461833,-33.5573167
"204","86",0,28.6,"Multiple Use Zone",216,4,"South-west","Geographe",976.656117,"Multiple Use Zone","VI","Multiple Use Zone (IUCN VI)",290.727537771,"1899/12/30","1899/12/30","12",115.1785167,-33.5405167
"205","87",2,13,"Multiple Use Zone",217,4,"South-west","Geographe",976.656117,"Multiple Use Zone","VI","Multiple Use Zone (IUCN VI)",290.727537771,"1899/12/30","1899/12/30","11",115.4589333,-33.4896
"206","88",0,31.4,"Multiple Use Zone",218,4,"South-west","Geographe",976.656117,"Multiple Use Zone","VI","Multiple Use Zone (IUCN VI)",290.727537771,"1899/12/30","1899/12/30","10",115.2145333,-33.5010667
"207","90",14,22,"Multiple Use Zone",221,4,"South-west","Geographe",976.656117,"Multiple Use Zone","VI","Multiple Use Zone (IUCN VI)",290.727537771,"1899/12/30","1899/12/30","9",115.3224833,-33.5333167
"208","95",17,24.9,"Multiple Use Zone",225,4,"South-west","Geographe",976.656117,"Multiple Use Zone","VI","Multiple Use Zone (IUCN VI)",290.727537771,"1899/12/30","1899/12/30","9",115.3155333,-33.5175
"209","GBR1-2",18,16,"Multiple Use Zone",231,4,"South-west","Geographe",976.656117,"Multiple Use Zone","VI","Multiple Use Zone (IUCN VI)",290.727537771,"1899/12/30","1899/12/30","12",115.1995333,-33.5936
"210","RB1",0,28,"Multiple Use Zone",239,4,"South-west","Geographe",976.656117,"Multiple Use Zone","VI","Multiple Use Zone (IUCN VI)",290.727537771,"1899/12/30","1899/12/30","12",115.2176667,-33.53455
"211","RB2",0,30,"Multiple Use Zone",240,4,"South-west","Geographe",976.656117,"Multiple Use Zone","VI","Multiple Use Zone (IUCN VI)",290.727537771,"1899/12/30","1899/12/30","10",115.2254833,-33.5085667
"212","RC2",9,34.3,"Multiple Use Zone",242,4,"South-west","Geographe",976.656117,"Multiple Use Zone","VI","Multiple Use Zone (IUCN VI)",290.727537771,"1899/12/30","1899/12/30","10",115.1780333,-33.48635
"213","170",0,15.8,"National Park Zone",64,3,"South-west","Geographe",976.656117,"National Park Zone","II","National Park Zone (IUCN II)",15.2725206762,"1899/12/30","1899/12/30","14",115.3698333,-33.54165
"214","378",4,13.3,"National Park Zone",107,3,"South-west","Geographe",976.656117,"National Park Zone","II","National Park Zone (IUCN II)",15.2725206762,"1899/12/30","1899/12/30","15",115.3912,-33.5555833
"215","42",1,13,"National Park Zone",118,3,"South-west","Geographe",976.656117,"National Park Zone","II","National Park Zone (IUCN II)",15.2725206762,"1899/12/30","1899/12/30","14",115.3862333,-33.5425167
"216","554",1,12.3,"National Park Zone",144,3,"South-west","Geographe",976.656117,"National Park Zone","II","National Park Zone (IUCN II)",15.2725206762,"1899/12/30","1899/12/30","15",115.3835167,-33.55765
"217","58",0,13.5,"National Park Zone",149,3,"South-west","Geographe",976.656117,"National Park Zone","II","National Park Zone (IUCN II)",15.2725206762,"1899/12/30","1899/12/30","15",115.3795833,-33.56965
"218","586",1,15.8,"National Park Zone",151,3,"South-west","Geographe",976.656117,"National Park Zone","II","National Park Zone (IUCN II)",15.2725206762,"1899/12/30","1899/12/30","14",115.38595,-33.5309167
"219","666",41,15.6,"National Park Zone",171,3,"South-west","Geographe",976.656117,"National Park Zone","II","National Park Zone (IUCN II)",15.2725206762,"1899/12/30","1899/12/30","15",115.35715,-33.5511167
"220","810",2,14.3,"National Park Zone",205,3,"South-west","Geographe",976.656117,"National Park Zone","II","National Park Zone (IUCN II)",15.2725206762,"1899/12/30","1899/12/30","15",115.3766,-33.5513333
"221","826",25,12.8,"National Park Zone",208,3,"South-west","Geographe",976.656117,"National Park Zone","II","National Park Zone (IUCN II)",15.2725206762,"1899/12/30","1899/12/30","14",115.4005833,-33.5426833
"222","12RC1",24,26.5,"Habitat Protection Zone",32,1,"South-west","Geographe",976.656117,"Habitat Protection Zone","IV","Habitat Protection Zone (IUCN IV)",21.0728286984,"1899/12/30","1899/12/30","16",115.2132833,-33.5932167
"223","15",4,26.2,"Habitat Protection Zone",58,1,"South-west","Geographe",976.656117,"Habitat Protection Zone","IV","Habitat Protection Zone (IUCN IV)",21.0728286984,"1899/12/30","1899/12/30","17",115.2147833,-33.5782333
"224","207",0,23.3,"Habitat Protection Zone",71,1,"South-west","Geographe",976.656117,"Habitat Protection Zone","IV","Habitat Protection Zone (IUCN IV)",21.0728286984,"1899/12/30","1899/12/30","17",115.23165,-33.5738333
"225","271",36,27.3,"Habitat Protection Zone",83,1,"South-west","Geographe",976.656117,"Habitat Protection Zone","IV","Habitat Protection Zone (IUCN IV)",21.0728286984,"1899/12/30","1899/12/30","16",115.2133167,-33.5937
"226","287",18,16.4,"Habitat Protection Zone",88,1,"South-west","Geographe",976.656117,"Habitat Protection Zone","IV","Habitat Protection Zone (IUCN IV)",21.0728286984,"1899/12/30","1899/12/30","16",115.2189,-33.5940333
"227","335",0,21.6,"Habitat Protection Zone",100,1,"South-west","Geographe",976.656117,"Habitat Protection Zone","IV","Habitat Protection Zone (IUCN IV)",21.0728286984,"1899/12/30","1899/12/30","17",115.2266667,-33.5771167
"228","375",21,26.9,"Habitat Protection Zone",106,1,"South-west","Geographe",976.656117,"Habitat Protection Zone","IV","Habitat Protection Zone (IUCN IV)",21.0728286984,"1899/12/30","1899/12/30","16",115.2205667,-33.5902167
"229","443",6,27,"Habitat Protection Zone",122,1,"South-west","Geographe",976.656117,"Habitat Protection Zone","IV","Habitat Protection Zone (IUCN IV)",21.0728286984,"1899/12/30","1899/12/30","17",115.2024833,-33.5698
"230","527",21,26.8,"Habitat Protection Zone",138,1,"South-west","Geographe",976.656117,"Habitat Protection Zone","IV","Habitat Protection Zone (IUCN IV)",21.0728286984,"1899/12/30","1899/12/30","16",115.2078167,-33.5894167
"231","719",8,26.3,"Habitat Protection Zone",184,1,"South-west","Geographe",976.656117,"Habitat Protection Zone","IV","Habitat Protection Zone (IUCN IV)",21.0728286984,"1899/12/30","1899/12/30","16",115.23245,-33.6009667
"232","779",6,19,"Habitat Protection Zone",196,1,"South-west","Geographe",976.656117,"Habitat Protection Zone","IV","Habitat Protection Zone (IUCN IV)",21.0728286984,"1899/12/30","1899/12/30","17",115.2263667,-33.5817167
"233","783",3,21.5,"Habitat Protection Zone",199,1,"South-west","Geographe",976.656117,"Habitat Protection Zone","IV","Habitat Protection Zone (IUCN IV)",21.0728286984,"1899/12/30","1899/12/30","17",115.2263667,-33.5817167
"234","79",0,18.5,"Habitat Protection Zone",200,1,"South-west","Geographe",976.656117,"Habitat Protection Zone","IV","Habitat Protection Zone (IUCN IV)",21.0728286984,"1899/12/30","1899/12/30","17",115.2308833,-33.5874
"235","91",0,29.8,"Habitat Protection Zone",222,1,"South-west","Geographe",976.656117,"Habitat Protection Zone","IV","Habitat Protection Zone (IUCN IV)",21.0728286984,"1899/12/30","1899/12/30","17",115.2060833,-33.5396
"236","GBR-BOB",31,16.7,"Habitat Protection Zone",230,1,"South-west","Geographe",976.656117,"Habitat Protection Zone","IV","Habitat Protection Zone (IUCN IV)",21.0728286984,"1899/12/30","1899/12/30","16",115.2205667,-33.59235
"237","GBR1-3",21,15.8,"Habitat Protection Zone",232,1,"South-west","Geographe",976.656117,"Habitat Protection Zone","IV","Habitat Protection Zone (IUCN IV)",21.0728286984,"1899/12/30","1899/12/30","16",115.2022833,-33.5937833
"238","GBR1-4",14,16.8,"Habitat Protection Zone",233,1,"South-west","Geographe",976.656117,"Habitat Protection Zone","IV","Habitat Protection Zone (IUCN IV)",21.0728286984,"1899/12/30","1899/12/30","16",115.2055167,-33.59345
"239","GBR4-1",6,16.1,"Habitat Protection Zone",234,1,"South-west","Geographe",976.656117,"Habitat Protection Zone","IV","Habitat Protection Zone (IUCN IV)",21.0728286984,"1899/12/30","1899/12/30","16",115.2080833,-33.5933333
"240","GBR4-2",7,16.3,"Habitat Protection Zone",235,1,"South-west","Geographe",976.656117,"Habitat Protection Zone","IV","Habitat Protection Zone (IUCN IV)",21.0728286984,"1899/12/30","1899/12/30","16",115.2102333,-33.5928333
"241","GBR5-1",25,16.2,"Habitat Protection Zone",236,1,"South-west","Geographe",976.656117,"Habitat Protection Zone","IV","Habitat Protection Zone (IUCN IV)",21.0728286984,"1899/12/30","1899/12/30","16",115.2119333,-33.5932167
"242","GBR5-2",29,16.6,"Habitat Protection Zone",237,1,"South-west","Geographe",976.656117,"Habitat Protection Zone","IV","Habitat Protection Zone (IUCN IV)",21.0728286984,"1899/12/30","1899/12/30","16",115.2148,-33.5927333
"243","GBR5-3",17,16.4,"Habitat Protection Zone",238,1,"South-west","Geographe",976.656117,"Habitat Protection Zone","IV","Habitat Protection Zone (IUCN IV)",21.0728286984,"1899/12/30","1899/12/30","16",115.2175167,-33.5924167
