"","campaignid","sample","Strap.like.leaves","Strap.like.leaves.with.epiphytes","Amphibolis","Amphibolis.with.epiphytes","Posidonia","Posidonia.with.epiphytes","Zostera","Macroalgae","Turf.algae","Erect.coarse.branching","Erect.finebranching","Large.canopy.forming","Ecklonia.radiata","Scytothalia.dorycarpa","NetName","ResName","ResArea","ZoneName","ZoneIUCN","NatLegend","Area_KM2","GAZ_DATE","LATEST_GAZ","coords.x1","coords.x2"
"1","2007-03_Capes_MF_stereoBRUVs","MF-CNB1-1",0,0,0,0,0,0,0,95,0,0,0,95,55,40,NA,NA,NA,NA,NA,NA,NA,NA,NA,115.0222796,-33.5201841
"2","2007-03_Capes_MF_stereoBRUVs","MF-CNB1-2",0,0,0,0,0,0,0,100,0,0,0,0,0,0,NA,NA,NA,NA,NA,NA,NA,NA,NA,115.0234335,-33.52151909
"3","2007-03_Capes_MF_stereoBRUVs","MF-CNB1-3",0,0,0,0,0,0,0,100,0,0,0,0,0,0,NA,NA,NA,NA,NA,NA,NA,NA,NA,115.023249,-33.52016351
"4","2007-03_Capes_MF_stereoBRUVs","MF-CNB1-4",0,0,0,0,0,0,0,100,0,0,85,15,10,5,NA,NA,NA,NA,NA,NA,NA,NA,NA,115.023345,-33.51925428
"5","2007-03_Capes_MF_stereoBRUVs","MF-CNB1-5",0,0,0,0,0,0,0,100,0,0,0,50,20,30,NA,NA,NA,NA,NA,NA,NA,NA,NA,115.0250949,-33.52136525
"6","2007-03_Capes_MF_stereoBRUVs","MF-CNB2-3",0,0,0,0,0,0,0,100,0,0,0,100,0,0,NA,NA,NA,NA,NA,NA,NA,NA,NA,115.0149991,-33.51794849
"7","2007-03_Capes_MF_stereoBRUVs","MF-CNB2-4",0,0,0,0,0,0,0,90,0,0,0,85,35,50,NA,NA,NA,NA,NA,NA,NA,NA,NA,115.017952,-33.51828435
"8","2007-03_Capes_MF_stereoBRUVs","MF-CNB2-5",60,0,0,0,60,0,0,40,0,0,0,0,0,0,NA,NA,NA,NA,NA,NA,NA,NA,NA,115.016518,-33.51696287
"9","2007-03_Capes_MF_stereoBRUVs","MF-CNB3-5",0,0,0,0,0,0,0,100,0,0,0,100,0,100,NA,NA,NA,NA,NA,NA,NA,NA,NA,115.0085653,-33.52011759
"10","2007-03_Capes_MF_stereoBRUVs","MF-CNB4-2",0,0,0,0,0,0,0,40,0,0,0,20,20,0,NA,NA,NA,NA,NA,NA,NA,NA,NA,114.9977657,-33.52298231
"11","2007-03_Capes_MF_stereoBRUVs","MF-CNB4-5",0,0,0,0,0,0,0,80,0,0,0,40,33.33,6.67,NA,NA,NA,NA,NA,NA,NA,NA,NA,114.9987157,-33.52240252
"12","2007-03_Capes_MF_stereoBRUVs","MF-CNB5-3",0,0,0,0,0,0,0,100,0,0,0,100,0,100,NA,NA,NA,NA,NA,NA,NA,NA,NA,114.996951,-33.53403354
"13","2007-03_Capes_MF_stereoBRUVs","MF-CNB6-1",0,0,0,0,0,0,0,100,0,0,0,100,100,0,NA,NA,NA,NA,NA,NA,NA,NA,NA,114.9985879,-33.54756813
"14","2007-03_Capes_MF_stereoBRUVs","MF-CNB6-2",0,0,0,0,0,0,0,100,0,0,0,100,0,100,NA,NA,NA,NA,NA,NA,NA,NA,NA,114.9982809,-33.54500221
"15","2007-03_Capes_MF_stereoBRUVs","MF-CNB6-3",0,0,0,0,0,0,0,100,0,0,0,100,100,0,NA,NA,NA,NA,NA,NA,NA,NA,NA,114.9968822,-33.54541242
"16","2007-03_Capes_MF_stereoBRUVs","MF-CNB6-4",0,0,0,0,0,0,0,100,0,0,0,100,64.71,35.29,NA,NA,NA,NA,NA,NA,NA,NA,NA,114.9996948,-33.54533166
"17","2007-03_Capes_MF_stereoBRUVs","MF-CNB7-1",0,0,0,0,0,0,0,80,0,0,0,80,0,80,NA,NA,NA,NA,NA,NA,NA,NA,NA,114.9987115,-33.55388232
"18","2007-03_Capes_MF_stereoBRUVs","MF-CNB7-2",0,0,0,0,0,0,0,100,0,0,0,0,0,0,NA,NA,NA,NA,NA,NA,NA,NA,NA,114.9974313,-33.55381652
"19","2007-03_Capes_MF_stereoBRUVs","MF-CNB7-3",0,0,0,0,0,0,0,100,0,0,0,100,100,0,NA,NA,NA,NA,NA,NA,NA,NA,NA,114.9988276,-33.55584999
"20","2007-03_Capes_MF_stereoBRUVs","MF-CNB7-4",0,0,0,0,0,0,0,100,0,0,0,11.11,11.11,0,NA,NA,NA,NA,NA,NA,NA,NA,NA,115.0008048,-33.55370875
"21","2007-03_Capes_MF_stereoBRUVs","MF-CNB7-5",0,0,0,0,0,0,0,100,0,0,0,0,0,0,NA,NA,NA,NA,NA,NA,NA,NA,NA,114.9984269,-33.5526784
"22","2007-03_Capes_MF_stereoBRUVs","MF-GB109",0,0,0,0,0,0,0,0,0,0,0,0,0,0,NA,NA,NA,NA,NA,NA,NA,NA,NA,115.0939042,-33.55410455
"23","2007-03_Capes_MF_stereoBRUVs","MF-GB113",0,0,0,0,0,0,0,90,90,0,0,0,0,0,"South-west","Geographe",976.656117,"Multiple Use Zone","VI","Multiple Use Zone (IUCN VI)",290.727537771,"1899/12/30","1899/12/30",115.2362963,-33.56969737
"24","2007-03_Capes_MF_stereoBRUVs","MF-GB128",0,0,0,0,0,0,0,0,0,0,0,0,0,0,"South-west","Geographe",976.656117,"Multiple Use Zone","VI","Multiple Use Zone (IUCN VI)",290.727537771,"1899/12/30","1899/12/30",115.2369006,-33.56540445
"25","2007-03_Capes_MF_stereoBRUVs","MF-GB145",30,0,0,0,30,0,0,0,0,0,0,0,0,0,NA,NA,NA,NA,NA,NA,NA,NA,NA,115.1344049,-33.54539738
"26","2007-03_Capes_MF_stereoBRUVs","MF-GB168",0,0,0,0,0,0,0,0,0,0,0,0,0,0,NA,NA,NA,NA,NA,NA,NA,NA,NA,115.1340043,-33.54850245
"27","2007-03_Capes_MF_stereoBRUVs","MF-GB192",0,0,0,0,0,0,0,0,0,0,0,0,0,0,NA,NA,NA,NA,NA,NA,NA,NA,NA,115.1130031,-33.53959924
"28","2007-03_Capes_MF_stereoBRUVs","MF-GB199",100,0,0,0,100,0,0,0,0,0,0,0,0,0,NA,NA,NA,NA,NA,NA,NA,NA,NA,115.1109986,-33.53719702
"29","2007-03_Capes_MF_stereoBRUVs","MF-GB221",0,0,0,0,0,0,0,0,0,0,0,0,0,0,NA,NA,NA,NA,NA,NA,NA,NA,NA,115.0889008,-33.52649658
"30","2007-03_Capes_MF_stereoBRUVs","MF-GB228",0,0,0,0,0,0,0,0,0,0,0,0,0,0,NA,NA,NA,NA,NA,NA,NA,NA,NA,115.090396,-33.5245989
"31","2007-03_Capes_MF_stereoBRUVs","MF-INB1-1",0,0,0,0,0,0,0,0,0,0,0,0,0,0,NA,NA,NA,NA,NA,NA,NA,NA,NA,114.9831639,-33.6619459
"32","2007-03_Capes_MF_stereoBRUVs","MF-INB1-2",0,0,0,0,0,0,0,0,0,0,0,0,0,0,NA,NA,NA,NA,NA,NA,NA,NA,NA,114.9816932,-33.6612005
"33","2007-03_Capes_MF_stereoBRUVs","MF-INB1-3",0,0,0,0,0,0,0,92.86,0,0,92.86,0,0,0,NA,NA,NA,NA,NA,NA,NA,NA,NA,114.9838673,-33.66507734
"34","2007-03_Capes_MF_stereoBRUVs","MF-INB1-4",0,0,0,0,0,0,0,0,0,0,0,0,0,0,NA,NA,NA,NA,NA,NA,NA,NA,NA,114.9933911,-33.66036306
"35","2007-03_Capes_MF_stereoBRUVs","MF-INB1-5",0,0,0,0,0,0,0,0,0,0,0,0,0,0,NA,NA,NA,NA,NA,NA,NA,NA,NA,114.9864077,-33.66203487
"36","2007-03_Capes_MF_stereoBRUVs","MF-INB2-1",0,0,0,0,0,0,0,100,0,0,0,100,100,0,NA,NA,NA,NA,NA,NA,NA,NA,NA,114.9826155,-33.67111649
"37","2007-03_Capes_MF_stereoBRUVs","MF-INB2-2",0,0,0,0,0,0,0,90,0,0,40,0,0,0,NA,NA,NA,NA,NA,NA,NA,NA,NA,114.9815654,-33.6712887
"38","2007-03_Capes_MF_stereoBRUVs","MF-INB2-4",0,0,0,0,0,0,0,94.44,0,0,0,94.44,94.44,0,NA,NA,NA,NA,NA,NA,NA,NA,NA,114.9849682,-33.67150656
"39","2007-03_Capes_MF_stereoBRUVs","MF-INB2-5",0,0,0,0,0,0,0,100,0,0,0,100,75,25,NA,NA,NA,NA,NA,NA,NA,NA,NA,114.9832829,-33.66978382
"40","2007-03_Capes_MF_stereoBRUVs","MF-INB3-1",0,0,0,0,0,0,0,100,0,0,100,0,0,0,NA,NA,NA,NA,NA,NA,NA,NA,NA,114.975069,-33.68479838
"41","2007-03_Capes_MF_stereoBRUVs","MF-INB3-2",0,0,0,0,0,0,0,100,0,0,0,100,100,0,NA,NA,NA,NA,NA,NA,NA,NA,NA,114.9751108,-33.68347354
"42","2007-03_Capes_MF_stereoBRUVs","MF-INB3-4",0,0,0,0,0,0,0,100,0,0,100,0,0,0,NA,NA,NA,NA,NA,NA,NA,NA,NA,114.9737347,-33.68373952
"43","2007-03_Capes_MF_stereoBRUVs","MF-INB3-5",0,0,0,0,0,0,0,100,0,0,0,0,0,0,NA,NA,NA,NA,NA,NA,NA,NA,NA,114.9766746,-33.68348113
"44","2007-03_Capes_MF_stereoBRUVs","MF-INB4-1",0,0,0,0,0,0,0,30,0,0,30,0,0,0,NA,NA,NA,NA,NA,NA,NA,NA,NA,114.9826155,-33.67111649
"45","2007-03_Capes_MF_stereoBRUVs","MF-INB4-2",0,0,0,0,0,0,0,50,0,0,50,0,0,0,NA,NA,NA,NA,NA,NA,NA,NA,NA,114.9693962,-33.68888923
"46","2007-03_Capes_MF_stereoBRUVs","MF-INB4-3",90,90,0,0,90,90,0,10,0,0,10,0,0,0,NA,NA,NA,NA,NA,NA,NA,NA,NA,114.9737953,-33.68851061
"47","2007-03_Capes_MF_stereoBRUVs","MF-INB4-4",0,0,0,0,0,0,0,100,0,0,0,100,100,0,NA,NA,NA,NA,NA,NA,NA,NA,NA,114.969468,-33.68996345
"48","2007-03_Capes_MF_stereoBRUVs","MF-INB4-5",0,0,0,0,0,0,0,0,0,0,0,0,0,0,NA,NA,NA,NA,NA,NA,NA,NA,NA,114.9696989,-33.68702764
"49","2007-03_Capes_MF_stereoBRUVs","MF-INB5-1",0,0,0,0,0,0,0,100,0,0,66.67,0,0,0,NA,NA,NA,NA,NA,NA,NA,NA,NA,114.9641975,-33.69801017
"50","2007-03_Capes_MF_stereoBRUVs","MF-INB5-2",0,0,0,0,0,0,0,50,0,0,50,0,0,0,NA,NA,NA,NA,NA,NA,NA,NA,NA,114.961827,-33.69834979
"51","2007-03_Capes_MF_stereoBRUVs","MF-INB5-4",0,0,0,0,0,0,0,50,0,0,0,0,0,0,NA,NA,NA,NA,NA,NA,NA,NA,NA,114.9666114,-33.70041244
"52","2007-03_Capes_MF_stereoBRUVs","MF-INB6-1",0,0,0,0,0,0,0,100,0,0,0,100,38.46,61.54,NA,NA,NA,NA,NA,NA,NA,NA,NA,114.9605892,-33.71100746
"53","2007-03_Capes_MF_stereoBRUVs","MF-INB6-2",0,0,0,0,0,0,0,100,0,0,14.29,85.71,50,35.71,NA,NA,NA,NA,NA,NA,NA,NA,NA,114.9591348,-33.71137116
"54","2007-03_Capes_MF_stereoBRUVs","MF-INB6-4",0,0,0,0,0,0,0,100,0,0,0,100,0,100,NA,NA,NA,NA,NA,NA,NA,NA,NA,114.959983,-33.70926616
"55","2007-03_Capes_MF_stereoBRUVs","MF-INB6-5",0,0,0,0,0,0,0,100,0,0,0,100,100,0,NA,NA,NA,NA,NA,NA,NA,NA,NA,114.9619768,-33.71164354
"56","2007-03_Capes_MF_stereoBRUVs","MF-INB7-1",0,0,0,0,0,0,0,0,0,0,0,0,0,0,NA,NA,NA,NA,NA,NA,NA,NA,NA,114.9655605,-33.71843844
"57","2007-03_Capes_MF_stereoBRUVs","MF-INB7-2",0,0,0,0,0,0,0,94.12,0,0,0,94.12,94.12,0,NA,NA,NA,NA,NA,NA,NA,NA,NA,114.9635892,-33.71646726
"58","2007-03_Capes_MF_stereoBRUVs","MF-INB7-3",100,0,0,0,100,0,0,0,0,0,0,0,0,0,NA,NA,NA,NA,NA,NA,NA,NA,NA,114.964521,-33.71996323
"59","2007-03_Capes_MF_stereoBRUVs","MF-INB7-4",0,0,0,0,0,0,0,0,0,0,0,0,0,0,NA,NA,NA,NA,NA,NA,NA,NA,NA,114.9661446,-33.7202064
"60","2007-03_Capes_MF_stereoBRUVs","MF-INB7-5",0,0,0,0,0,0,0,100,0,0,0,100,100,0,NA,NA,NA,NA,NA,NA,NA,NA,NA,114.9702993,-33.71836314
"61","2007-03_Capes_MF_stereoBRUVs","MF-WC045",0,0,0,0,0,0,0,0,0,0,0,0,0,0,NA,NA,NA,NA,NA,NA,NA,NA,NA,114.9899,-33.66210075
"62","2007-03_Capes_MF_stereoBRUVs","MF-WC065",0,0,0,0,0,0,0,100,0,0,0,100,100,0,NA,NA,NA,NA,NA,NA,NA,NA,NA,115.0018976,-33.55629637
"63","2007-03_Capes_MF_stereoBRUVs","MF-WC100",0,0,0,0,0,0,0,0,0,0,0,0,0,0,NA,NA,NA,NA,NA,NA,NA,NA,NA,115.0042019,-33.50760321
"64","2007-03_Capes_MF_stereoBRUVs","MF-WC101",0,0,0,0,0,0,0,76.92,0,0,15.38,0,0,0,NA,NA,NA,NA,NA,NA,NA,NA,NA,115.0030051,-33.50300304
"65","2007-03_Capes_MF_stereoBRUVs","MF-WC102",0,0,0,0,0,0,0,70,0,0,0,0,0,0,NA,NA,NA,NA,NA,NA,NA,NA,NA,115.0014998,-33.50199585
"66","2007-03_Capes_MF_stereoBRUVs","MF-WC104",0,0,0,0,0,0,0,20,0,0,0,0,0,0,NA,NA,NA,NA,NA,NA,NA,NA,NA,115.0260965,-33.49860293
"67","2007-03_Capes_MF_stereoBRUVs","MF-WC105",0,0,0,0,0,0,0,0,0,0,0,0,0,0,NA,NA,NA,NA,NA,NA,NA,NA,NA,115.0042978,-33.49780274
"68","2007-03_Capes_MF_stereoBRUVs","MF-WC106",20,0,0,0,20,0,0,80,0,0,0,33.33,33.33,0,NA,NA,NA,NA,NA,NA,NA,NA,NA,115.0066041,-33.49719964
"69","2007-03_Capes_MF_stereoBRUVs","MF-WC108",0,0,0,0,0,0,0,0,0,0,0,0,0,0,NA,NA,NA,NA,NA,NA,NA,NA,NA,115.0293028,-33.49580444
"70","2007-03_Capes_MF_stereoBRUVs","MF-WC110",100,0,0,0,100,0,0,0,0,0,0,0,0,0,NA,NA,NA,NA,NA,NA,NA,NA,NA,115.0056035,-33.49390116
"71","2007-03_Capes_MF_stereoBRUVs","MF-WC115",0,0,0,0,0,0,0,0,0,0,0,0,0,0,NA,NA,NA,NA,NA,NA,NA,NA,NA,114.9952044,-33.4842018
"72","2007-03_Capes_MF_stereoBRUVs","MF-WC116",0,0,0,0,0,0,0,50,0,0,0,0,0,0,NA,NA,NA,NA,NA,NA,NA,NA,NA,115.0018202,-33.48337086
"73","2014-12_Geographe_Bay_stereoBRUVs","1",0,0,0,0,0,0,0,0,0,0,0,0,0,0,"South-west","Geographe",976.656117,"Special Purpose Zone (Mining Exclusion)","VI","Special Purpose Zone (Mining Exclusion) (IUCN VI)",649.583230249,"1899/12/30","1899/12/30",115.21415,-33.36345
"74","2014-12_Geographe_Bay_stereoBRUVs","10",57.9,47.37,47.37,47.37,0,0,0,5.26,0,0,0,0,0,0,"South-west","Geographe",976.656117,"Multiple Use Zone","VI","Multiple Use Zone (IUCN VI)",290.727537771,"1899/12/30","1899/12/30",115.3313333,-33.5281667
"75","2014-12_Geographe_Bay_stereoBRUVs","100",89.47,21.05,0,0,84.21,21.05,0,5.26,5.26,0,0,0,0,0,"South-west","Geographe",976.656117,"Special Purpose Zone (Mining Exclusion)","VI","Special Purpose Zone (Mining Exclusion) (IUCN VI)",649.583230249,"1899/12/30","1899/12/30",115.21415,-33.4324833
"76","2014-12_Geographe_Bay_stereoBRUVs","10000",43.75,0,0,0,43.75,0,0,31.25,31.25,0,0,0,0,0,"South-west","Geographe",976.656117,"Special Purpose Zone (Mining Exclusion)","VI","Special Purpose Zone (Mining Exclusion) (IUCN VI)",649.583230249,"1899/12/30","1899/12/30",115.3645833,-33.4135833
"77","2014-12_Geographe_Bay_stereoBRUVs","10001",10.53,0,0,0,10.53,0,0,42.11,42.11,0,0,0,0,0,"South-west","Geographe",976.656117,"Special Purpose Zone (Mining Exclusion)","VI","Special Purpose Zone (Mining Exclusion) (IUCN VI)",649.583230249,"1899/12/30","1899/12/30",115.3722167,-33.4217167
"78","2014-12_Geographe_Bay_stereoBRUVs","10002",0,0,0,0,0,0,0,0,0,0,0,0,0,0,"South-west","Geographe",976.656117,"Special Purpose Zone (Mining Exclusion)","VI","Special Purpose Zone (Mining Exclusion) (IUCN VI)",649.583230249,"1899/12/30","1899/12/30",115.3889333,-33.4234167
"79","2014-12_Geographe_Bay_stereoBRUVs","10003",0,0,0,0,0,0,0,0,0,0,0,0,0,0,"South-west","Geographe",976.656117,"Special Purpose Zone (Mining Exclusion)","VI","Special Purpose Zone (Mining Exclusion) (IUCN VI)",649.583230249,"1899/12/30","1899/12/30",115.35935,-33.4213
"80","2014-12_Geographe_Bay_stereoBRUVs","10004",31.58,26.32,31.58,26.32,0,0,0,42.11,31.58,0,0,0,0,0,"South-west","Geographe",976.656117,"Special Purpose Zone (Mining Exclusion)","VI","Special Purpose Zone (Mining Exclusion) (IUCN VI)",649.583230249,"1899/12/30","1899/12/30",115.3976,-33.4039167
"81","2014-12_Geographe_Bay_stereoBRUVs","10005",0,0,0,0,0,0,0,36.85,26.32,0,0,0,0,0,"South-west","Geographe",976.656117,"Special Purpose Zone (Mining Exclusion)","VI","Special Purpose Zone (Mining Exclusion) (IUCN VI)",649.583230249,"1899/12/30","1899/12/30",115.3694,-33.4777667
"82","2014-12_Geographe_Bay_stereoBRUVs","101",62.5,0,62.5,0,0,0,0,0,0,0,0,0,0,0,"South-west","Geographe",976.656117,"Special Purpose Zone (Mining Exclusion)","VI","Special Purpose Zone (Mining Exclusion) (IUCN VI)",649.583230249,"1899/12/30","1899/12/30",115.37675,-33.3885833
"83","2014-12_Geographe_Bay_stereoBRUVs","102",0,0,0,0,0,0,0,0,0,0,0,0,0,0,"South-west","Geographe",976.656117,"Multiple Use Zone","VI","Multiple Use Zone (IUCN VI)",290.727537771,"1899/12/30","1899/12/30",115.1196,-33.5185
"84","2014-12_Geographe_Bay_stereoBRUVs","103",59.09,18.18,9.09,9.09,50,9.09,0,31.82,31.82,0,0,0,0,0,"South-west","Geographe",976.656117,"Special Purpose Zone (Mining Exclusion)","VI","Special Purpose Zone (Mining Exclusion) (IUCN VI)",649.583230249,"1899/12/30","1899/12/30",115.4547167,-33.4581167
"85","2014-12_Geographe_Bay_stereoBRUVs","1038",80,30,0,0,80,30,0,20,20,0,0,0,0,0,"South-west","Geographe",976.656117,"Multiple Use Zone","VI","Multiple Use Zone (IUCN VI)",290.727537771,"1899/12/30","1899/12/30",115.4200167,-33.5333333
"86","2014-12_Geographe_Bay_stereoBRUVs","104",0,0,0,0,0,0,0,47.62,47.62,0,0,0,0,0,"South-west","Geographe",976.656117,"Special Purpose Zone (Mining Exclusion)","VI","Special Purpose Zone (Mining Exclusion) (IUCN VI)",649.583230249,"1899/12/30","1899/12/30",115.2450667,-33.4597333
"87","2014-12_Geographe_Bay_stereoBRUVs","106",100,100,100,100,0,0,0,0,0,0,0,0,0,0,"South-west","Geographe",976.656117,"Multiple Use Zone","VI","Multiple Use Zone (IUCN VI)",290.727537771,"1899/12/30","1899/12/30",115.3451333,-33.57825
"88","2014-12_Geographe_Bay_stereoBRUVs","107",64,12,0,0,64,12,0,28,28,0,0,0,0,0,"South-west","Geographe",976.656117,"Multiple Use Zone","VI","Multiple Use Zone (IUCN VI)",290.727537771,"1899/12/30","1899/12/30",115.1881167,-33.5833333
"89","2014-12_Geographe_Bay_stereoBRUVs","108",0,0,0,0,0,0,0,0,0,0,0,0,0,0,"South-west","Geographe",976.656117,"Special Purpose Zone (Mining Exclusion)","VI","Special Purpose Zone (Mining Exclusion) (IUCN VI)",649.583230249,"1899/12/30","1899/12/30",115.1676667,-33.4690833
"90","2014-12_Geographe_Bay_stereoBRUVs","11",75,70,75,70,0,0,0,5,5,0,0,0,0,0,"South-west","Geographe",976.656117,"Multiple Use Zone","VI","Multiple Use Zone (IUCN VI)",290.727537771,"1899/12/30","1899/12/30",115.2958167,-33.5712167
"91","2014-12_Geographe_Bay_stereoBRUVs","110",0,0,0,0,0,0,0,0,0,0,0,0,0,0,"South-west","Geographe",976.656117,"Special Purpose Zone (Mining Exclusion)","VI","Special Purpose Zone (Mining Exclusion) (IUCN VI)",649.583230249,"1899/12/30","1899/12/30",115.3556833,-33.4022667
"92","2014-12_Geographe_Bay_stereoBRUVs","1108",86.66,53.33,86.66,53.33,0,0,0,0,0,0,0,0,0,0,NA,NA,NA,NA,NA,NA,NA,NA,NA,115.41435,-33.5580167
"93","2014-12_Geographe_Bay_stereoBRUVs","111",70,35,35,25,35,10,0,25,25,0,0,0,0,0,"South-west","Geographe",976.656117,"Multiple Use Zone","VI","Multiple Use Zone (IUCN VI)",290.727537771,"1899/12/30","1899/12/30",115.3219167,-33.5369
"94","2014-12_Geographe_Bay_stereoBRUVs","112",57.7,53.85,57.7,53.85,0,0,0,42.31,0,42.31,0,0,0,0,"South-west","Geographe",976.656117,"Special Purpose Zone (Mining Exclusion)","VI","Special Purpose Zone (Mining Exclusion) (IUCN VI)",649.583230249,"1899/12/30","1899/12/30",115.5224,-33.4052
"95","2014-12_Geographe_Bay_stereoBRUVs","113",0,0,0,0,0,0,0,0,0,0,0,0,0,0,"South-west","Geographe",976.656117,"Special Purpose Zone (Mining Exclusion)","VI","Special Purpose Zone (Mining Exclusion) (IUCN VI)",649.583230249,"1899/12/30","1899/12/30",115.27785,-33.3658333
"96","2014-12_Geographe_Bay_stereoBRUVs","114",0,0,0,0,0,0,0,0,0,0,0,0,0,0,"South-west","Geographe",976.656117,"Special Purpose Zone (Mining Exclusion)","VI","Special Purpose Zone (Mining Exclusion) (IUCN VI)",649.583230249,"1899/12/30","1899/12/30",115.1639167,-33.3984333
"97","2014-12_Geographe_Bay_stereoBRUVs","115",0,0,0,0,0,0,0,0,0,0,0,0,0,0,"South-west","Geographe",976.656117,"Special Purpose Zone (Mining Exclusion)","VI","Special Purpose Zone (Mining Exclusion) (IUCN VI)",649.583230249,"1899/12/30","1899/12/30",115.4064667,-33.4446333
"98","2014-12_Geographe_Bay_stereoBRUVs","116",0,0,0,0,0,0,0,0,0,0,0,0,0,0,"South-west","Geographe",976.656117,"Multiple Use Zone","VI","Multiple Use Zone (IUCN VI)",290.727537771,"1899/12/30","1899/12/30",115.2863667,-33.4981667
"99","2014-12_Geographe_Bay_stereoBRUVs","119",15,15,15,15,0,0,0,85,70,15,0,0,0,0,NA,NA,NA,NA,NA,NA,NA,NA,NA,115.5567333,-33.4388333
"100","2014-12_Geographe_Bay_stereoBRUVs","11R1",0,0,0,0,0,0,0,20,20,0,0,0,0,0,"South-west","Geographe",976.656117,"Special Purpose Zone (Mining Exclusion)","VI","Special Purpose Zone (Mining Exclusion) (IUCN VI)",649.583230249,"1899/12/30","1899/12/30",115.3694,-33.35885
"101","2014-12_Geographe_Bay_stereoBRUVs","11R2",52.17,13.04,0,0,52.17,13.04,0,43.48,43.48,0,0,0,0,0,"South-west","Geographe",976.656117,"Special Purpose Zone (Mining Exclusion)","VI","Special Purpose Zone (Mining Exclusion) (IUCN VI)",649.583230249,"1899/12/30","1899/12/30",115.5076167,-33.3967333
"102","2014-12_Geographe_Bay_stereoBRUVs","11R3",100,100,100,100,0,0,0,0,0,0,0,0,0,0,"South-west","Geographe",976.656117,"Special Purpose Zone (Mining Exclusion)","VI","Special Purpose Zone (Mining Exclusion) (IUCN VI)",649.583230249,"1899/12/30","1899/12/30",115.5204667,-33.41215
"103","2014-12_Geographe_Bay_stereoBRUVs","11R4",0,0,0,0,0,0,0,99.99,45.83,45.83,0,0,0,0,"South-west","Geographe",976.656117,"Special Purpose Zone (Mining Exclusion)","VI","Special Purpose Zone (Mining Exclusion) (IUCN VI)",649.583230249,"1899/12/30","1899/12/30",115.51755,-33.4197
"104","2014-12_Geographe_Bay_stereoBRUVs","12",0,0,0,0,0,0,0,0,0,0,0,0,0,0,"South-west","Geographe",976.656117,"Special Purpose Zone (Mining Exclusion)","VI","Special Purpose Zone (Mining Exclusion) (IUCN VI)",649.583230249,"1899/12/30","1899/12/30",115.2615667,-33.40395
"105","2014-12_Geographe_Bay_stereoBRUVs","122",76.19,57.14,76.19,57.14,0,0,0,4.76,4.76,0,0,0,0,0,"South-west","Geographe",976.656117,"Multiple Use Zone","VI","Multiple Use Zone (IUCN VI)",290.727537771,"1899/12/30","1899/12/30",115.4020833,-33.5375
"106","2014-12_Geographe_Bay_stereoBRUVs","12RC1",0,0,0,0,0,0,0,30,30,0,0,0,0,0,"South-west","Geographe",976.656117,"Habitat Protection Zone","IV","Habitat Protection Zone (IUCN IV)",21.0728286984,"1899/12/30","1899/12/30",115.2132833,-33.5932167
"107","2014-12_Geographe_Bay_stereoBRUVs","12RC2",65,30,20,10,45,20,0,30,30,0,0,0,0,0,"South-west","Geographe",976.656117,"Multiple Use Zone","VI","Multiple Use Zone (IUCN VI)",290.727537771,"1899/12/30","1899/12/30",115.23785,-33.5916
"108","2014-12_Geographe_Bay_stereoBRUVs","12RC3",0,0,0,0,0,0,0,100,100,0,0,0,0,0,"South-west","Geographe",976.656117,"Multiple Use Zone","VI","Multiple Use Zone (IUCN VI)",290.727537771,"1899/12/30","1899/12/30",115.24145,-33.5914667
"109","2014-12_Geographe_Bay_stereoBRUVs","12RC5",0,0,0,0,0,0,0,100,75,25,0,0,0,0,"South-west","Geographe",976.656117,"Multiple Use Zone","VI","Multiple Use Zone (IUCN VI)",290.727537771,"1899/12/30","1899/12/30",115.3443,-33.5621333
"110","2014-12_Geographe_Bay_stereoBRUVs","12RC6",0,0,0,0,0,0,0,100,100,0,0,0,0,0,"South-west","Geographe",976.656117,"Multiple Use Zone","VI","Multiple Use Zone (IUCN VI)",290.727537771,"1899/12/30","1899/12/30",115.3481333,-33.5711
"111","2014-12_Geographe_Bay_stereoBRUVs","12RC7",0,0,0,0,0,0,0,100,80,20,0,0,0,0,"South-west","Geographe",976.656117,"Multiple Use Zone","VI","Multiple Use Zone (IUCN VI)",290.727537771,"1899/12/30","1899/12/30",115.41785,-33.5118
"112","2014-12_Geographe_Bay_stereoBRUVs","12RC8",0,0,0,0,0,0,0,100.01,34.62,61.54,0,0,0,0,"South-west","Geographe",976.656117,"Multiple Use Zone","VI","Multiple Use Zone (IUCN VI)",290.727537771,"1899/12/30","1899/12/30",115.41815,-33.5148667
"113","2014-12_Geographe_Bay_stereoBRUVs","12RC9",0,0,0,0,0,0,0,100,95.24,4.76,0,0,0,0,"South-west","Geographe",976.656117,"Multiple Use Zone","VI","Multiple Use Zone (IUCN VI)",290.727537771,"1899/12/30","1899/12/30",115.4064167,-33.5162167
"114","2014-12_Geographe_Bay_stereoBRUVs","13",0,0,0,0,0,0,0,0,0,0,0,0,0,0,"South-west","Geographe",976.656117,"Special Purpose Zone (Mining Exclusion)","VI","Special Purpose Zone (Mining Exclusion) (IUCN VI)",649.583230249,"1899/12/30","1899/12/30",115.0925167,-33.4501833
"115","2014-12_Geographe_Bay_stereoBRUVs","135",35,35,15,15,20,20,0,60,60,0,0,0,0,0,"South-west","Geographe",976.656117,"Multiple Use Zone","VI","Multiple Use Zone (IUCN VI)",290.727537771,"1899/12/30","1899/12/30",115.4207333,-33.50185
"116","2014-12_Geographe_Bay_stereoBRUVs","138",78.95,68.42,5.26,5.26,73.69,63.16,0,21.05,21.05,0,0,0,0,0,NA,NA,NA,NA,NA,NA,NA,NA,NA,115.1139333,-33.5808333
"117","2014-12_Geographe_Bay_stereoBRUVs","139",55,55,25,25,30,30,0,45,45,0,0,0,0,0,"South-west","Geographe",976.656117,"Multiple Use Zone","VI","Multiple Use Zone (IUCN VI)",290.727537771,"1899/12/30","1899/12/30",115.2736667,-33.60325
"118","2014-12_Geographe_Bay_stereoBRUVs","13RC1",0,0,0,0,0,0,0,100,76,24,0,0,0,0,"South-west","Geographe",976.656117,"Multiple Use Zone","VI","Multiple Use Zone (IUCN VI)",290.727537771,"1899/12/30","1899/12/30",115.43075,-33.5059833
"119","2014-12_Geographe_Bay_stereoBRUVs","13RC11",85.71,0,0,0,85.71,0,0,0,0,0,0,0,0,0,"South-west","Geographe",976.656117,"Special Purpose Zone (Mining Exclusion)","VI","Special Purpose Zone (Mining Exclusion) (IUCN VI)",649.583230249,"1899/12/30","1899/12/30",115.36925,-33.3740333
"120","2014-12_Geographe_Bay_stereoBRUVs","13RC12",52.38,0,0,0,52.38,0,0,0,0,0,0,0,0,0,"South-west","Geographe",976.656117,"Special Purpose Zone (Mining Exclusion)","VI","Special Purpose Zone (Mining Exclusion) (IUCN VI)",649.583230249,"1899/12/30","1899/12/30",115.3668167,-33.3743667
"121","2014-12_Geographe_Bay_stereoBRUVs","13RC15",50,18.75,0,0,50,18.75,0,43.75,37.5,0,0,0,0,0,"South-west","Geographe",976.656117,"Special Purpose Zone (Mining Exclusion)","VI","Special Purpose Zone (Mining Exclusion) (IUCN VI)",649.583230249,"1899/12/30","1899/12/30",115.3559333,-33.3768333
"122","2014-12_Geographe_Bay_stereoBRUVs","13RC2",0,0,0,0,0,0,0,100,86.21,13.79,0,0,0,0,"South-west","Geographe",976.656117,"Multiple Use Zone","VI","Multiple Use Zone (IUCN VI)",290.727537771,"1899/12/30","1899/12/30",115.45595,-33.49485
"123","2014-12_Geographe_Bay_stereoBRUVs","13RC3",0,0,0,0,0,0,0,99.99,58.33,33.33,0,0,0,0,"South-west","Geographe",976.656117,"Multiple Use Zone","VI","Multiple Use Zone (IUCN VI)",290.727537771,"1899/12/30","1899/12/30",115.45155,-33.4839333
"124","2014-12_Geographe_Bay_stereoBRUVs","13RC4",71.43,33.33,0,0,71.43,33.33,0,28.57,28.57,0,0,0,0,0,"South-west","Geographe",976.656117,"Multiple Use Zone","VI","Multiple Use Zone (IUCN VI)",290.727537771,"1899/12/30","1899/12/30",115.3964667,-33.4993833
"125","2014-12_Geographe_Bay_stereoBRUVs","13RC5",71.43,42.86,0,0,71.43,42.86,0,0,0,0,0,0,0,0,"South-west","Geographe",976.656117,"Multiple Use Zone","VI","Multiple Use Zone (IUCN VI)",290.727537771,"1899/12/30","1899/12/30",115.4656167,-33.4839333
"126","2014-12_Geographe_Bay_stereoBRUVs","13RC6",10.53,0,10.53,0,0,0,0,0,0,0,0,0,0,0,"South-west","Geographe",976.656117,"Special Purpose Zone (Mining Exclusion)","VI","Special Purpose Zone (Mining Exclusion) (IUCN VI)",649.583230249,"1899/12/30","1899/12/30",115.3892333,-33.3809667
"127","2014-12_Geographe_Bay_stereoBRUVs","13RC7",94.74,47.37,0,0,94.74,47.37,0,0,0,0,0,0,0,0,"South-west","Geographe",976.656117,"Special Purpose Zone (Mining Exclusion)","VI","Special Purpose Zone (Mining Exclusion) (IUCN VI)",649.583230249,"1899/12/30","1899/12/30",115.38605,-33.3774333
"128","2014-12_Geographe_Bay_stereoBRUVs","13RC8",40,0,0,0,40,0,0,0,0,0,0,0,0,0,"South-west","Geographe",976.656117,"Special Purpose Zone (Mining Exclusion)","VI","Special Purpose Zone (Mining Exclusion) (IUCN VI)",649.583230249,"1899/12/30","1899/12/30",115.3791,-33.3726
"129","2014-12_Geographe_Bay_stereoBRUVs","13RC9",31.83,22.73,27.28,22.73,4.55,0,0,18.19,4.55,0,0,0,0,0,"South-west","Geographe",976.656117,"Special Purpose Zone (Mining Exclusion)","VI","Special Purpose Zone (Mining Exclusion) (IUCN VI)",649.583230249,"1899/12/30","1899/12/30",115.3747833,-33.3730667
"130","2014-12_Geographe_Bay_stereoBRUVs","14",0,0,0,0,0,0,0,90,90,0,0,0,0,0,"South-west","Geographe",976.656117,"Multiple Use Zone","VI","Multiple Use Zone (IUCN VI)",290.727537771,"1899/12/30","1899/12/30",115.4130333,-33.5296667
"131","2014-12_Geographe_Bay_stereoBRUVs","143",0,0,0,0,0,0,0,100,100,0,0,0,0,0,"South-west","Geographe",976.656117,"Multiple Use Zone","VI","Multiple Use Zone (IUCN VI)",290.727537771,"1899/12/30","1899/12/30",115.2367,-33.5761667
"132","2014-12_Geographe_Bay_stereoBRUVs","144",100,20,0,0,100,20,0,0,0,0,0,0,0,0,NA,NA,NA,NA,NA,NA,NA,NA,NA,115.4323167,-33.5342333
"133","2014-12_Geographe_Bay_stereoBRUVs","15",83.34,16.67,27.78,0,55.56,16.67,0,0,0,0,0,0,0,0,"South-west","Geographe",976.656117,"Habitat Protection Zone","IV","Habitat Protection Zone (IUCN IV)",21.0728286984,"1899/12/30","1899/12/30",115.2147833,-33.5782333
"134","2014-12_Geographe_Bay_stereoBRUVs","151",40.92,36.37,4.55,4.55,36.37,31.82,0,59.09,59.09,0,0,0,0,0,"South-west","Geographe",976.656117,"Special Purpose Zone (Mining Exclusion)","VI","Special Purpose Zone (Mining Exclusion) (IUCN VI)",649.583230249,"1899/12/30","1899/12/30",115.4328833,-33.4768
"135","2014-12_Geographe_Bay_stereoBRUVs","154",0,0,0,0,0,0,0,100,100,0,0,0,0,0,NA,NA,NA,NA,NA,NA,NA,NA,NA,115.19675,-33.6033667
"136","2014-12_Geographe_Bay_stereoBRUVs","16",30,30,0,0,30,30,0,70,60,10,0,0,0,0,"South-west","Geographe",976.656117,"Special Purpose Zone (Mining Exclusion)","VI","Special Purpose Zone (Mining Exclusion) (IUCN VI)",649.583230249,"1899/12/30","1899/12/30",115.4986167,-33.3889
"137","2014-12_Geographe_Bay_stereoBRUVs","160",100,93.33,100,93.33,0,0,0,0,0,0,0,0,0,0,"South-west","Geographe",976.656117,"Multiple Use Zone","VI","Multiple Use Zone (IUCN VI)",290.727537771,"1899/12/30","1899/12/30",115.2477833,-33.6033667
"138","2014-12_Geographe_Bay_stereoBRUVs","167",55.56,50,5.56,0,50,50,0,44.45,44.45,0,0,0,0,0,"South-west","Geographe",976.656117,"Special Purpose Zone (Mining Exclusion)","VI","Special Purpose Zone (Mining Exclusion) (IUCN VI)",649.583230249,"1899/12/30","1899/12/30",115.4805667,-33.4627333
"139","2014-12_Geographe_Bay_stereoBRUVs","17",11.11,11.11,0,0,11.11,11.11,0,11.12,11.12,0,0,0,0,0,"South-west","Geographe",976.656117,"Special Purpose Zone (Mining Exclusion)","VI","Special Purpose Zone (Mining Exclusion) (IUCN VI)",649.583230249,"1899/12/30","1899/12/30",115.23265,-33.3635833
"140","2014-12_Geographe_Bay_stereoBRUVs","170",90,60,40,20,50,40,0,10,10,0,0,0,0,0,"South-west","Geographe",976.656117,"National Park Zone","II","National Park Zone (IUCN II)",15.2725206762,"1899/12/30","1899/12/30",115.3698333,-33.54165
"141","2014-12_Geographe_Bay_stereoBRUVs","175",0,0,0,0,0,0,0,0,0,0,0,0,0,0,NA,NA,NA,NA,NA,NA,NA,NA,NA,115.12275,-33.5518167
"142","2014-12_Geographe_Bay_stereoBRUVs","176",90,85,0,0,90,85,0,10,10,0,0,0,0,0,NA,NA,NA,NA,NA,NA,NA,NA,NA,115.1290667,-33.59
"143","2014-12_Geographe_Bay_stereoBRUVs","18",0,0,0,0,0,0,0,0,0,0,0,0,0,0,"South-west","Geographe",976.656117,"Special Purpose Zone (Mining Exclusion)","VI","Special Purpose Zone (Mining Exclusion) (IUCN VI)",649.583230249,"1899/12/30","1899/12/30",115.0981333,-33.3926
"144","2014-12_Geographe_Bay_stereoBRUVs","183",88.88,44.44,0,0,88.88,44.44,0,0,0,0,0,0,0,0,"South-west","Geographe",976.656117,"Multiple Use Zone","VI","Multiple Use Zone (IUCN VI)",290.727537771,"1899/12/30","1899/12/30",115.2488,-33.5687667
"145","2014-12_Geographe_Bay_stereoBRUVs","19",9.09,9.09,9.09,9.09,0,0,0,0,0,0,0,0,0,0,"South-west","Geographe",976.656117,"Special Purpose Zone (Mining Exclusion)","VI","Special Purpose Zone (Mining Exclusion) (IUCN VI)",649.583230249,"1899/12/30","1899/12/30",115.3618,-33.4605
"146","2014-12_Geographe_Bay_stereoBRUVs","192",0,0,0,0,0,0,0,81.81,36.36,45.45,0,0,0,0,NA,NA,NA,NA,NA,NA,NA,NA,NA,115.5755833,-33.4273167
"147","2014-12_Geographe_Bay_stereoBRUVs","196",93.33,66.67,40,26.67,53.33,40,0,6.67,6.67,0,0,0,0,0,"South-west","Geographe",976.656117,"Multiple Use Zone","VI","Multiple Use Zone (IUCN VI)",290.727537771,"1899/12/30","1899/12/30",115.4045,-33.5098167
"148","2014-12_Geographe_Bay_stereoBRUVs","199",0,0,0,0,0,0,0,87.5,87.5,0,0,0,0,0,NA,NA,NA,NA,NA,NA,NA,NA,NA,115.2108833,-33.5975167
"149","2014-12_Geographe_Bay_stereoBRUVs","2",0,0,0,0,0,0,0,0,0,0,0,0,0,0,"South-west","Geographe",976.656117,"Special Purpose Zone (Mining Exclusion)","VI","Special Purpose Zone (Mining Exclusion) (IUCN VI)",649.583230249,"1899/12/30","1899/12/30",115.10095,-33.4405333
"150","2014-12_Geographe_Bay_stereoBRUVs","20",5,0,0,0,5,0,0,0,0,0,0,0,0,0,"South-west","Geographe",976.656117,"Special Purpose Zone (Mining Exclusion)","VI","Special Purpose Zone (Mining Exclusion) (IUCN VI)",649.583230249,"1899/12/30","1899/12/30",115.2221167,-33.4338667
"151","2014-12_Geographe_Bay_stereoBRUVs","202",100,76.92,0,0,100,76.92,0,0,0,0,0,0,0,0,NA,NA,NA,NA,NA,NA,NA,NA,NA,115.4117167,-33.5779333
"152","2014-12_Geographe_Bay_stereoBRUVs","207",0,0,0,0,0,0,0,0,0,0,0,0,0,0,"South-west","Geographe",976.656117,"Habitat Protection Zone","IV","Habitat Protection Zone (IUCN IV)",21.0728286984,"1899/12/30","1899/12/30",115.23165,-33.5738333
"153","2014-12_Geographe_Bay_stereoBRUVs","208",100.01,70.84,8.34,4.17,91.67,66.67,0,0,0,0,0,0,0,0,NA,NA,NA,NA,NA,NA,NA,NA,NA,115.5742333,-33.3873
"154","2014-12_Geographe_Bay_stereoBRUVs","21",0,0,0,0,0,0,0,0,0,0,0,0,0,0,"South-west","Geographe",976.656117,"Special Purpose Zone (Mining Exclusion)","VI","Special Purpose Zone (Mining Exclusion) (IUCN VI)",649.583230249,"1899/12/30","1899/12/30",115.39765,-33.3857167
"155","2014-12_Geographe_Bay_stereoBRUVs","218",75,75,50,50,25,25,0,25,25,0,0,0,0,0,NA,NA,NA,NA,NA,NA,NA,NA,NA,115.3030667,-33.5954833
"156","2014-12_Geographe_Bay_stereoBRUVs","22",0,0,0,0,0,0,0,95.24,95.24,0,0,0,0,0,"South-west","Geographe",976.656117,"Multiple Use Zone","VI","Multiple Use Zone (IUCN VI)",290.727537771,"1899/12/30","1899/12/30",115.1806667,-33.57455
"157","2014-12_Geographe_Bay_stereoBRUVs","224",0,0,0,0,0,0,0,100,100,0,0,0,0,0,"South-west","Geographe",976.656117,"Special Purpose Zone (Mining Exclusion)","VI","Special Purpose Zone (Mining Exclusion) (IUCN VI)",649.583230249,"1899/12/30","1899/12/30",115.5035833,-33.4189
"158","2014-12_Geographe_Bay_stereoBRUVs","23",28.58,22.86,2.86,0,25.72,22.86,0,34.29,31.43,2.86,0,0,0,0,"South-west","Geographe",976.656117,"Multiple Use Zone","VI","Multiple Use Zone (IUCN VI)",290.727537771,"1899/12/30","1899/12/30",115.4289333,-33.5041833
"159","2014-12_Geographe_Bay_stereoBRUVs","234",100,42.86,0,0,100,42.86,0,0,0,0,0,0,0,0,NA,NA,NA,NA,NA,NA,NA,NA,NA,115.3602167,-33.6031667
"160","2014-12_Geographe_Bay_stereoBRUVs","236",69.56,17.39,0,0,69.56,17.39,0,17.39,17.39,0,0,0,0,0,NA,NA,NA,NA,NA,NA,NA,NA,NA,115.4766833,-33.4949167
"161","2014-12_Geographe_Bay_stereoBRUVs","24",0,0,0,0,0,0,0,14.29,0,0,0,0,0,0,"South-west","Geographe",976.656117,"Special Purpose Zone (Mining Exclusion)","VI","Special Purpose Zone (Mining Exclusion) (IUCN VI)",649.583230249,"1899/12/30","1899/12/30",115.2861667,-33.47115
"162","2014-12_Geographe_Bay_stereoBRUVs","240",7.89,7.89,0,0,7.89,7.89,0,73.68,73.68,0,0,0,0,0,"South-west","Geographe",976.656117,"Special Purpose Zone (Mining Exclusion)","VI","Special Purpose Zone (Mining Exclusion) (IUCN VI)",649.583230249,"1899/12/30","1899/12/30",115.4684667,-33.4387833
"163","2014-12_Geographe_Bay_stereoBRUVs","247",15,0,0,0,15,0,0,0,0,0,0,0,0,0,NA,NA,NA,NA,NA,NA,NA,NA,NA,115.1345167,-33.5561
"164","2014-12_Geographe_Bay_stereoBRUVs","25",0,0,0,0,0,0,0,0,0,0,0,0,0,0,"South-west","Geographe",976.656117,"Special Purpose Zone (Mining Exclusion)","VI","Special Purpose Zone (Mining Exclusion) (IUCN VI)",649.583230249,"1899/12/30","1899/12/30",115.0827833,-33.3833333
"165","2014-12_Geographe_Bay_stereoBRUVs","256",0,0,0,0,0,0,0,88,88,0,0,0,0,0,"South-west","Geographe",976.656117,"Special Purpose Zone (Mining Exclusion)","VI","Special Purpose Zone (Mining Exclusion) (IUCN VI)",649.583230249,"1899/12/30","1899/12/30",115.4774833,-33.4083167
"166","2014-12_Geographe_Bay_stereoBRUVs","26",38.09,33.33,9.52,9.52,28.57,23.81,0,57.14,57.14,0,0,0,0,0,"South-west","Geographe",976.656117,"Multiple Use Zone","VI","Multiple Use Zone (IUCN VI)",290.727537771,"1899/12/30","1899/12/30",115.3236167,-33.5500333
"167","2014-12_Geographe_Bay_stereoBRUVs","267",0,0,0,0,0,0,0,0,0,0,0,0,0,0,NA,NA,NA,NA,NA,NA,NA,NA,NA,115.1362,-33.5707
"168","2014-12_Geographe_Bay_stereoBRUVs","27",0,0,0,0,0,0,0,0,0,0,0,0,0,0,"South-west","Geographe",976.656117,"Multiple Use Zone","VI","Multiple Use Zone (IUCN VI)",290.727537771,"1899/12/30","1899/12/30",115.1883833,-33.5463667
"169","2014-12_Geographe_Bay_stereoBRUVs","270",100,100,100,100,0,0,0,0,0,0,0,0,0,0,"South-west","Geographe",976.656117,"Multiple Use Zone","VI","Multiple Use Zone (IUCN VI)",290.727537771,"1899/12/30","1899/12/30",115.4206,-33.52045
"170","2014-12_Geographe_Bay_stereoBRUVs","271",13.33,0,0,0,0,0,0,86.67,86.67,0,0,0,0,0,"South-west","Geographe",976.656117,"Habitat Protection Zone","IV","Habitat Protection Zone (IUCN IV)",21.0728286984,"1899/12/30","1899/12/30",115.2133167,-33.5937
"171","2014-12_Geographe_Bay_stereoBRUVs","272",0,0,0,0,0,0,0,100,95,5,0,0,0,0,"South-west","Geographe",976.656117,"Special Purpose Zone (Mining Exclusion)","VI","Special Purpose Zone (Mining Exclusion) (IUCN VI)",649.583230249,"1899/12/30","1899/12/30",115.4879333,-33.3815
"172","2014-12_Geographe_Bay_stereoBRUVs","279",35,35,35,35,0,0,0,65,55,10,0,0,0,0,"South-west","Geographe",976.656117,"Multiple Use Zone","VI","Multiple Use Zone (IUCN VI)",290.727537771,"1899/12/30","1899/12/30",115.4379167,-33.5011833
"173","2014-12_Geographe_Bay_stereoBRUVs","28",10,10,5,5,5,5,0,45,35,0,0,0,0,0,"South-west","Geographe",976.656117,"Special Purpose Zone (Mining Exclusion)","VI","Special Purpose Zone (Mining Exclusion) (IUCN VI)",649.583230249,"1899/12/30","1899/12/30",115.2872833,-33.42715
"174","2014-12_Geographe_Bay_stereoBRUVs","282",66.66,38.09,42.85,33.33,23.81,4.76,0,33.33,14.28,19.05,0,0,0,0,"South-west","Geographe",976.656117,"Multiple Use Zone","VI","Multiple Use Zone (IUCN VI)",290.727537771,"1899/12/30","1899/12/30",115.3322333,-33.5571833
"175","2014-12_Geographe_Bay_stereoBRUVs","287",70,60,70,60,0,0,0,15,0,15,0,0,0,0,"South-west","Geographe",976.656117,"Habitat Protection Zone","IV","Habitat Protection Zone (IUCN IV)",21.0728286984,"1899/12/30","1899/12/30",115.2189,-33.5940333
"176","2014-12_Geographe_Bay_stereoBRUVs","288",25,20,15,15,10,5,0,70,65,5,0,0,0,0,"South-west","Geographe",976.656117,"Special Purpose Zone (Mining Exclusion)","VI","Special Purpose Zone (Mining Exclusion) (IUCN VI)",649.583230249,"1899/12/30","1899/12/30",115.4775833,-33.4709833
"177","2014-12_Geographe_Bay_stereoBRUVs","29",10,10,0,0,10,10,0,70,0,0,0,0,0,0,"South-west","Geographe",976.656117,"Multiple Use Zone","VI","Multiple Use Zone (IUCN VI)",290.727537771,"1899/12/30","1899/12/30",115.1764,-33.4869667
"178","2014-12_Geographe_Bay_stereoBRUVs","295",0,0,0,0,0,0,0,100,100,0,0,0,0,0,NA,NA,NA,NA,NA,NA,NA,NA,NA,115.46605,-33.5555333
"179","2014-12_Geographe_Bay_stereoBRUVs","298",23.53,23.53,5.88,5.88,17.65,17.65,0,47.06,47.06,0,0,0,0,0,NA,NA,NA,NA,NA,NA,NA,NA,NA,115.1301333,-33.5825167
"180","2014-12_Geographe_Bay_stereoBRUVs","3",0,0,0,0,0,0,0,0,0,0,0,0,0,0,"South-west","Geographe",976.656117,"Multiple Use Zone","VI","Multiple Use Zone (IUCN VI)",290.727537771,"1899/12/30","1899/12/30",115.3549,-33.4920833
"181","2014-12_Geographe_Bay_stereoBRUVs","30",0,0,0,0,0,0,0,0,0,0,0,0,0,0,"South-west","Geographe",976.656117,"Special Purpose Zone (Mining Exclusion)","VI","Special Purpose Zone (Mining Exclusion) (IUCN VI)",649.583230249,"1899/12/30","1899/12/30",115.33405,-33.42405
"182","2014-12_Geographe_Bay_stereoBRUVs","304",0,0,0,0,0,0,0,100,100,0,0,0,0,0,NA,NA,NA,NA,NA,NA,NA,NA,NA,115.1453667,-33.5958333
"183","2014-12_Geographe_Bay_stereoBRUVs","31",0,0,0,0,0,0,0,0,0,0,0,0,0,0,"South-west","Geographe",976.656117,"Multiple Use Zone","VI","Multiple Use Zone (IUCN VI)",290.727537771,"1899/12/30","1899/12/30",115.2369167,-33.5986333
"184","2014-12_Geographe_Bay_stereoBRUVs","314",100,100,0,0,100,100,0,0,0,0,0,0,0,0,NA,NA,NA,NA,NA,NA,NA,NA,NA,115.1628333,-33.5869
"185","2014-12_Geographe_Bay_stereoBRUVs","316",22.22,22.22,0,0,22.22,22.22,0,77.78,77.78,0,0,0,0,0,"South-west","Geographe",976.656117,"Special Purpose Zone (Mining Exclusion)","VI","Special Purpose Zone (Mining Exclusion) (IUCN VI)",649.583230249,"1899/12/30","1899/12/30",115.5281667,-33.3839667
"186","2014-12_Geographe_Bay_stereoBRUVs","32",91.31,86.96,91.31,86.96,0,0,0,8.7,4.35,4.35,0,0,0,0,"South-west","Geographe",976.656117,"Special Purpose Zone (Mining Exclusion)","VI","Special Purpose Zone (Mining Exclusion) (IUCN VI)",649.583230249,"1899/12/30","1899/12/30",115.46205,-33.4807833
"187","2014-12_Geographe_Bay_stereoBRUVs","320",36.67,36.67,0,0,36.67,36.67,0,33.33,26.66,6.67,0,0,0,0,"South-west","Geographe",976.656117,"Special Purpose Zone (Mining Exclusion)","VI","Special Purpose Zone (Mining Exclusion) (IUCN VI)",649.583230249,"1899/12/30","1899/12/30",115.49575,-33.4417833
"188","2014-12_Geographe_Bay_stereoBRUVs","327",5,5,0,0,5,5,0,80,75,5,0,0,0,0,"South-west","Geographe",976.656117,"Multiple Use Zone","VI","Multiple Use Zone (IUCN VI)",290.727537771,"1899/12/30","1899/12/30",115.3942,-33.4892333
"189","2014-12_Geographe_Bay_stereoBRUVs","33",13.64,13.64,13.64,13.64,0,0,0,50.01,45.46,0,0,0,0,0,"South-west","Geographe",976.656117,"Special Purpose Zone (Mining Exclusion)","VI","Special Purpose Zone (Mining Exclusion) (IUCN VI)",649.583230249,"1899/12/30","1899/12/30",115.3204833,-33.3527667
"190","2014-12_Geographe_Bay_stereoBRUVs","330",0,0,0,0,0,0,0,73.33,73.33,0,0,0,0,0,NA,NA,NA,NA,NA,NA,NA,NA,NA,115.104,-33.5691167
"191","2014-12_Geographe_Bay_stereoBRUVs","331",61.12,61.12,55.56,55.56,5.56,5.56,0,38.89,38.89,0,0,0,0,0,"South-west","Geographe",976.656117,"Multiple Use Zone","VI","Multiple Use Zone (IUCN VI)",290.727537771,"1899/12/30","1899/12/30",115.2530333,-33.6030833
"192","2014-12_Geographe_Bay_stereoBRUVs","335",35.71,35.71,0,0,35.71,35.71,0,42.86,42.86,0,0,0,0,0,"South-west","Geographe",976.656117,"Habitat Protection Zone","IV","Habitat Protection Zone (IUCN IV)",21.0728286984,"1899/12/30","1899/12/30",115.2266667,-33.5771167
"193","2014-12_Geographe_Bay_stereoBRUVs","34",0,0,0,0,0,0,0,0,0,0,0,0,0,0,"South-west","Geographe",976.656117,"Special Purpose Zone (Mining Exclusion)","VI","Special Purpose Zone (Mining Exclusion) (IUCN VI)",649.583230249,"1899/12/30","1899/12/30",115.0739,-33.3845167
"194","2014-12_Geographe_Bay_stereoBRUVs","346",50,50,50,50,0,0,0,20,20,0,0,0,0,0,NA,NA,NA,NA,NA,NA,NA,NA,NA,115.2392833,-33.6092
"195","2014-12_Geographe_Bay_stereoBRUVs","35",38.89,38.89,38.89,38.89,0,0,0,50,44.44,0,0,0,0,0,"South-west","Geographe",976.656117,"Special Purpose Zone (Mining Exclusion)","VI","Special Purpose Zone (Mining Exclusion) (IUCN VI)",649.583230249,"1899/12/30","1899/12/30",115.4157167,-33.4055
"196","2014-12_Geographe_Bay_stereoBRUVs","352",60,55,55,55,0,0,0,25,20,5,0,0,0,0,"South-west","Geographe",976.656117,"Special Purpose Zone (Mining Exclusion)","VI","Special Purpose Zone (Mining Exclusion) (IUCN VI)",649.583230249,"1899/12/30","1899/12/30",115.4879833,-33.4517667
"197","2014-12_Geographe_Bay_stereoBRUVs","36",0,0,0,0,0,0,0,0,0,0,0,0,0,0,"South-west","Geographe",976.656117,"Special Purpose Zone (Mining Exclusion)","VI","Special Purpose Zone (Mining Exclusion) (IUCN VI)",649.583230249,"1899/12/30","1899/12/30",115.20765,-33.4269
"198","2014-12_Geographe_Bay_stereoBRUVs","362",100,100,0,0,100,100,0,0,0,0,0,0,0,0,NA,NA,NA,NA,NA,NA,NA,NA,NA,115.2948,-33.627
"199","2014-12_Geographe_Bay_stereoBRUVs","368",0,0,0,0,0,0,0,100,100,0,0,0,0,0,NA,NA,NA,NA,NA,NA,NA,NA,NA,115.45125,-33.5725167
"200","2014-12_Geographe_Bay_stereoBRUVs","37",0,0,0,0,0,0,0,0,0,0,0,0,0,0,"South-west","Geographe",976.656117,"Special Purpose Zone (Mining Exclusion)","VI","Special Purpose Zone (Mining Exclusion) (IUCN VI)",649.583230249,"1899/12/30","1899/12/30",115.3721,-33.3585
"201","2014-12_Geographe_Bay_stereoBRUVs","375",100,71.43,0,0,100,71.43,0,0,0,0,0,0,0,0,"South-west","Geographe",976.656117,"Habitat Protection Zone","IV","Habitat Protection Zone (IUCN IV)",21.0728286984,"1899/12/30","1899/12/30",115.2205667,-33.5902167
"202","2014-12_Geographe_Bay_stereoBRUVs","378",90,50,60,40,20,10,0,0,0,0,0,0,0,0,"South-west","Geographe",976.656117,"National Park Zone","II","National Park Zone (IUCN II)",15.2725206762,"1899/12/30","1899/12/30",115.3912,-33.5555833
"203","2014-12_Geographe_Bay_stereoBRUVs","38",0,0,0,0,0,0,0,0,0,0,0,0,0,0,"South-west","Geographe",976.656117,"Multiple Use Zone","VI","Multiple Use Zone (IUCN VI)",290.727537771,"1899/12/30","1899/12/30",115.1274333,-33.5036833
"204","2014-12_Geographe_Bay_stereoBRUVs","384",0,0,0,0,0,0,0,94.74,68.42,26.32,0,0,0,0,"South-west","Geographe",976.656117,"Special Purpose Zone (Mining Exclusion)","VI","Special Purpose Zone (Mining Exclusion) (IUCN VI)",649.583230249,"1899/12/30","1899/12/30",115.51415,-33.4274667
"205","2014-12_Geographe_Bay_stereoBRUVs","39",39.14,13.05,4.35,4.35,34.79,8.7,0,8.7,8.7,0,0,0,0,0,"South-west","Geographe",976.656117,"Special Purpose Zone (Mining Exclusion)","VI","Special Purpose Zone (Mining Exclusion) (IUCN VI)",649.583230249,"1899/12/30","1899/12/30",115.43285,-33.465
"206","2014-12_Geographe_Bay_stereoBRUVs","391",80,66.66,53.33,53.33,20,13.33,0,6.67,0,0,0,0,0,0,"South-west","Geographe",976.656117,"Multiple Use Zone","VI","Multiple Use Zone (IUCN VI)",290.727537771,"1899/12/30","1899/12/30",115.4101333,-33.50165
"207","2014-12_Geographe_Bay_stereoBRUVs","394",100,80,10,0,90,80,0,0,0,0,0,0,0,0,"South-west","Geographe",976.656117,"Multiple Use Zone","VI","Multiple Use Zone (IUCN VI)",290.727537771,"1899/12/30","1899/12/30",115.3820167,-33.5181
"208","2014-12_Geographe_Bay_stereoBRUVs","395",100,0,0,0,100,0,0,0,0,0,0,0,0,0,NA,NA,NA,NA,NA,NA,NA,NA,NA,115.3444333,-33.6072833
"209","2014-12_Geographe_Bay_stereoBRUVs","399",100,52.63,0,0,100,52.63,0,0,0,0,0,0,0,0,NA,NA,NA,NA,NA,NA,NA,NA,NA,115.31295,-33.6143333
"210","2014-12_Geographe_Bay_stereoBRUVs","4",0,0,0,0,0,0,0,0,0,0,0,0,0,0,"South-west","Geographe",976.656117,"Special Purpose Zone (Mining Exclusion)","VI","Special Purpose Zone (Mining Exclusion) (IUCN VI)",649.583230249,"1899/12/30","1899/12/30",115.2280833,-33.3921
"211","2014-12_Geographe_Bay_stereoBRUVs","40",0,0,0,0,0,0,0,0,0,0,0,0,0,0,"South-west","Geographe",976.656117,"Special Purpose Zone (Mining Exclusion)","VI","Special Purpose Zone (Mining Exclusion) (IUCN VI)",649.583230249,"1899/12/30","1899/12/30",115.2287167,-33.4719667
"212","2014-12_Geographe_Bay_stereoBRUVs","400",20,20,20,20,0,0,0,50,45,5,0,0,0,0,"South-west","Geographe",976.656117,"Special Purpose Zone (Mining Exclusion)","VI","Special Purpose Zone (Mining Exclusion) (IUCN VI)",649.583230249,"1899/12/30","1899/12/30",115.5516833,-33.3575833
"213","2014-12_Geographe_Bay_stereoBRUVs","407",70,65,70,65,0,0,0,20,20,0,0,0,0,0,"South-west","Geographe",976.656117,"Multiple Use Zone","VI","Multiple Use Zone (IUCN VI)",290.727537771,"1899/12/30","1899/12/30",115.4274667,-33.4881667
"214","2014-12_Geographe_Bay_stereoBRUVs","41",0,0,0,0,0,0,0,0,0,0,0,0,0,0,"South-west","Geographe",976.656117,"Special Purpose Zone (Mining Exclusion)","VI","Special Purpose Zone (Mining Exclusion) (IUCN VI)",649.583230249,"1899/12/30","1899/12/30",115.0985833,-33.36785
"215","2014-12_Geographe_Bay_stereoBRUVs","416",83.33,27.78,33.33,0,50,27.78,0,5.56,5.56,0,0,0,0,0,NA,NA,NA,NA,NA,NA,NA,NA,NA,115.2806167,-33.6147833
"216","2014-12_Geographe_Bay_stereoBRUVs","42",95.24,71.43,47.62,42.86,47.62,28.57,0,4.76,4.76,0,0,0,0,0,"South-west","Geographe",976.656117,"National Park Zone","II","National Park Zone (IUCN II)",15.2725206762,"1899/12/30","1899/12/30",115.3862333,-33.5425167
"217","2014-12_Geographe_Bay_stereoBRUVs","428",0,0,0,0,0,0,0,100,94.12,5.88,0,0,0,0,NA,NA,NA,NA,NA,NA,NA,NA,NA,115.5572167,-33.45045
"218","2014-12_Geographe_Bay_stereoBRUVs","432",50,40,0,0,50,40,0,40,15,0,0,0,0,0,"South-west","Geographe",976.656117,"Special Purpose Zone (Mining Exclusion)","VI","Special Purpose Zone (Mining Exclusion) (IUCN VI)",649.583230249,"1899/12/30","1899/12/30",115.4686,-33.4270333
"219","2014-12_Geographe_Bay_stereoBRUVs","439",100.01,31.82,31.82,18.18,68.19,13.64,0,0,0,0,0,0,0,0,NA,NA,NA,NA,NA,NA,NA,NA,NA,115.2730667,-33.6309333
"220","2014-12_Geographe_Bay_stereoBRUVs","44",11.11,11.11,11.11,11.11,0,0,0,0,0,0,0,0,0,0,"South-west","Geographe",976.656117,"Special Purpose Zone (Mining Exclusion)","VI","Special Purpose Zone (Mining Exclusion) (IUCN VI)",649.583230249,"1899/12/30","1899/12/30",115.30965,-33.3984333
"221","2014-12_Geographe_Bay_stereoBRUVs","442",50,9.38,50,9.38,0,0,0,43.75,12.5,0,31.25,0,0,0,"South-west","Geographe",976.656117,"Multiple Use Zone","VI","Multiple Use Zone (IUCN VI)",290.727537771,"1899/12/30","1899/12/30",115.41935,-33.5066
"222","2014-12_Geographe_Bay_stereoBRUVs","443",70,50,25,20,45,30,0,5,5,0,0,0,0,0,"South-west","Geographe",976.656117,"Habitat Protection Zone","IV","Habitat Protection Zone (IUCN IV)",21.0728286984,"1899/12/30","1899/12/30",115.2024833,-33.5698
"223","2014-12_Geographe_Bay_stereoBRUVs","448",10,10,0,0,10,10,0,90,90,0,0,0,0,0,"South-west","Geographe",976.656117,"Special Purpose Zone (Mining Exclusion)","VI","Special Purpose Zone (Mining Exclusion) (IUCN VI)",649.583230249,"1899/12/30","1899/12/30",115.4930667,-33.3965
"224","2014-12_Geographe_Bay_stereoBRUVs","45",0,0,0,0,0,0,0,0,0,0,0,0,0,0,"South-west","Geographe",976.656117,"Special Purpose Zone (Mining Exclusion)","VI","Special Purpose Zone (Mining Exclusion) (IUCN VI)",649.583230249,"1899/12/30","1899/12/30",115.13165,-33.4445667
"225","2014-12_Geographe_Bay_stereoBRUVs","451",55,40,55,40,0,0,0,15,5,0,0,0,0,0,NA,NA,NA,NA,NA,NA,NA,NA,NA,115.5529,-33.41975
"226","2014-12_Geographe_Bay_stereoBRUVs","455",26.31,0,0,0,21.05,0,0,0,0,0,0,0,0,0,"South-west","Geographe",976.656117,"Multiple Use Zone","VI","Multiple Use Zone (IUCN VI)",290.727537771,"1899/12/30","1899/12/30",115.1820333,-33.5671333
"227","2014-12_Geographe_Bay_stereoBRUVs","46",15.79,0,15.79,0,0,0,0,0,0,0,0,0,0,0,"South-west","Geographe",976.656117,"Special Purpose Zone (Mining Exclusion)","VI","Special Purpose Zone (Mining Exclusion) (IUCN VI)",649.583230249,"1899/12/30","1899/12/30",115.3493,-33.4028
"228","2014-12_Geographe_Bay_stereoBRUVs","463",0,0,0,0,0,0,0,0,0,0,0,0,0,0,NA,NA,NA,NA,NA,NA,NA,NA,NA,115.50435,-33.51505
"229","2014-12_Geographe_Bay_stereoBRUVs","47",13.64,9.09,0,0,13.64,9.09,0,0,0,0,0,0,0,0,"South-west","Geographe",976.656117,"Multiple Use Zone","VI","Multiple Use Zone (IUCN VI)",290.727537771,"1899/12/30","1899/12/30",115.2877667,-33.5485
"230","2014-12_Geographe_Bay_stereoBRUVs","474",0,0,0,0,0,0,0,100,100,0,0,0,0,0,NA,NA,NA,NA,NA,NA,NA,NA,NA,115.5436,-33.4681167
"231","2014-12_Geographe_Bay_stereoBRUVs","48",26.67,26.67,0,0,26.67,26.67,0,73.34,73.34,0,0,0,0,0,"South-west","Geographe",976.656117,"Special Purpose Zone (Mining Exclusion)","VI","Special Purpose Zone (Mining Exclusion) (IUCN VI)",649.583230249,"1899/12/30","1899/12/30",115.5133833,-33.40275
"232","2014-12_Geographe_Bay_stereoBRUVs","480",75,70,75,70,0,0,0,20,0,20,0,0,0,0,NA,NA,NA,NA,NA,NA,NA,NA,NA,115.5777,-33.3475833
"233","2014-12_Geographe_Bay_stereoBRUVs","49",0,0,0,0,0,0,0,0,0,0,0,0,0,0,"South-west","Geographe",976.656117,"Special Purpose Zone (Mining Exclusion)","VI","Special Purpose Zone (Mining Exclusion) (IUCN VI)",649.583230249,"1899/12/30","1899/12/30",115.2720667,-33.3809167
"234","2014-12_Geographe_Bay_stereoBRUVs","490",0,0,0,0,0,0,0,100,100,0,0,0,0,0,"South-west","Geographe",976.656117,"Multiple Use Zone","VI","Multiple Use Zone (IUCN VI)",290.727537771,"1899/12/30","1899/12/30",115.3612,-33.5613
"235","2014-12_Geographe_Bay_stereoBRUVs","492",45,20,0,0,27.5,7.5,0,5,5,0,0,0,0,0,NA,NA,NA,NA,NA,NA,NA,NA,NA,115.4974833,-33.4637833
"236","2014-12_Geographe_Bay_stereoBRUVs","496",90.91,31.82,0,0,90.91,31.82,0,9.09,9.09,0,0,0,0,0,NA,NA,NA,NA,NA,NA,NA,NA,NA,115.4752333,-33.4851167
"237","2014-12_Geographe_Bay_stereoBRUVs","499",75.86,37.93,44.82,34.48,31.04,3.45,0,17.24,17.24,0,0,0,0,0,NA,NA,NA,NA,NA,NA,NA,NA,NA,115.5441167,-33.45165
"238","2014-12_Geographe_Bay_stereoBRUVs","5",10.53,10.53,10.53,10.53,0,0,0,10.53,10.53,0,0,0,0,0,"South-west","Geographe",976.656117,"Special Purpose Zone (Mining Exclusion)","VI","Special Purpose Zone (Mining Exclusion) (IUCN VI)",649.583230249,"1899/12/30","1899/12/30",115.45495,-33.3627833
"239","2014-12_Geographe_Bay_stereoBRUVs","50",95.83,8.33,12.5,0,83.33,8.33,0,0,0,0,0,0,0,0,"South-west","Geographe",976.656117,"Special Purpose Zone (Mining Exclusion)","VI","Special Purpose Zone (Mining Exclusion) (IUCN VI)",649.583230249,"1899/12/30","1899/12/30",115.1742333,-33.4108
"240","2014-12_Geographe_Bay_stereoBRUVs","503",85,45,85,45,0,0,0,0,0,0,0,0,0,0,"South-west","Geographe",976.656117,"Multiple Use Zone","VI","Multiple Use Zone (IUCN VI)",290.727537771,"1899/12/30","1899/12/30",115.3097667,-33.5845333
"241","2014-12_Geographe_Bay_stereoBRUVs","506",15,15,15,15,0,0,0,85,85,0,0,0,0,0,"South-west","Geographe",976.656117,"Multiple Use Zone","VI","Multiple Use Zone (IUCN VI)",290.727537771,"1899/12/30","1899/12/30",115.4165,-33.5173833
"242","2014-12_Geographe_Bay_stereoBRUVs","51",4,4,4,4,0,0,0,76,72,4,0,0,0,0,"South-west","Geographe",976.656117,"Special Purpose Zone (Mining Exclusion)","VI","Special Purpose Zone (Mining Exclusion) (IUCN VI)",649.583230249,"1899/12/30","1899/12/30",115.41365,-33.4315667
"243","2014-12_Geographe_Bay_stereoBRUVs","512",0,0,0,0,0,0,0,20,20,0,0,0,0,0,NA,NA,NA,NA,NA,NA,NA,NA,NA,115.4873333,-33.5094
"244","2014-12_Geographe_Bay_stereoBRUVs","52",0,0,0,0,0,0,0,0,0,0,0,0,0,0,"South-west","Geographe",976.656117,"Multiple Use Zone","VI","Multiple Use Zone (IUCN VI)",290.727537771,"1899/12/30","1899/12/30",115.2982,-33.49265
"245","2014-12_Geographe_Bay_stereoBRUVs","523",95,0,0,0,95,0,0,0,0,0,0,0,0,0,"South-west","Geographe",976.656117,"Multiple Use Zone","VI","Multiple Use Zone (IUCN VI)",290.727537771,"1899/12/30","1899/12/30",115.1589167,-33.5634333
"246","2014-12_Geographe_Bay_stereoBRUVs","527",100,26.32,0,0,100,26.32,0,0,0,0,0,0,0,0,"South-west","Geographe",976.656117,"Habitat Protection Zone","IV","Habitat Protection Zone (IUCN IV)",21.0728286984,"1899/12/30","1899/12/30",115.2078167,-33.5894167
"247","2014-12_Geographe_Bay_stereoBRUVs","528",53.34,26.67,0,0,53.34,26.67,0,46.67,46.67,0,0,0,0,0,NA,NA,NA,NA,NA,NA,NA,NA,NA,115.4971,-33.48105
"248","2014-12_Geographe_Bay_stereoBRUVs","53",0,0,0,0,0,0,0,0,0,0,0,0,0,0,"South-west","Geographe",976.656117,"Special Purpose Zone (Mining Exclusion)","VI","Special Purpose Zone (Mining Exclusion) (IUCN VI)",649.583230249,"1899/12/30","1899/12/30",115.3565167,-33.3582167
"249","2014-12_Geographe_Bay_stereoBRUVs","538",35,20,25,20,0,0,0,25,20,0,0,0,0,0,NA,NA,NA,NA,NA,NA,NA,NA,NA,115.3846667,-33.5839167
"250","2014-12_Geographe_Bay_stereoBRUVs","54",47.62,23.81,0,0,28.57,23.81,0,0,0,0,0,0,0,0,"South-west","Geographe",976.656117,"Multiple Use Zone","VI","Multiple Use Zone (IUCN VI)",290.727537771,"1899/12/30","1899/12/30",115.1532,-33.51305
"251","2014-12_Geographe_Bay_stereoBRUVs","543",0,0,0,0,0,0,0,100,80,20,0,0,0,0,"South-west","Geographe",976.656117,"Multiple Use Zone","VI","Multiple Use Zone (IUCN VI)",290.727537771,"1899/12/30","1899/12/30",115.2434,-33.5950333
"252","2014-12_Geographe_Bay_stereoBRUVs","544",23.81,19.05,19.05,19.05,0,0,0,14.28,14.28,0,0,0,0,0,"South-west","Geographe",976.656117,"Special Purpose Zone (Mining Exclusion)","VI","Special Purpose Zone (Mining Exclusion) (IUCN VI)",649.583230249,"1899/12/30","1899/12/30",115.43405,-33.4464167
"253","2014-12_Geographe_Bay_stereoBRUVs","55",60,0,60,0,0,0,0,0,0,0,0,0,0,0,"South-west","Geographe",976.656117,"Multiple Use Zone","VI","Multiple Use Zone (IUCN VI)",290.727537771,"1899/12/30","1899/12/30",115.2801167,-33.5708667
"254","2014-12_Geographe_Bay_stereoBRUVs","551",100.02,52.64,52.64,42.11,36.85,10.53,0,0,0,0,0,0,0,0,NA,NA,NA,NA,NA,NA,NA,NA,NA,115.3901333,-33.5735167
"255","2014-12_Geographe_Bay_stereoBRUVs","554",100,31.58,52.63,15.79,47.37,15.79,0,0,0,0,0,0,0,0,"South-west","Geographe",976.656117,"National Park Zone","II","National Park Zone (IUCN II)",15.2725206762,"1899/12/30","1899/12/30",115.3835167,-33.55765
"256","2014-12_Geographe_Bay_stereoBRUVs","56",10.52,5.26,10.52,5.26,0,0,0,0,0,0,0,0,0,0,"South-west","Geographe",976.656117,"Multiple Use Zone","VI","Multiple Use Zone (IUCN VI)",290.727537771,"1899/12/30","1899/12/30",115.2224167,-33.4953
"257","2014-12_Geographe_Bay_stereoBRUVs","560",83.33,25,45.83,25,33.33,0,0,0,0,0,0,0,0,0,NA,NA,NA,NA,NA,NA,NA,NA,NA,115.5268667,-33.4381667
"258","2014-12_Geographe_Bay_stereoBRUVs","567",75,45,65,35,10,10,0,0,0,0,0,0,0,0,"South-west","Geographe",976.656117,"Multiple Use Zone","VI","Multiple Use Zone (IUCN VI)",290.727537771,"1899/12/30","1899/12/30",115.2760167,-33.5866833
"259","2014-12_Geographe_Bay_stereoBRUVs","570",92.3,7.69,38.46,0,53.84,7.69,0,0,0,0,0,0,0,0,"South-west","Geographe",976.656117,"Multiple Use Zone","VI","Multiple Use Zone (IUCN VI)",290.727537771,"1899/12/30","1899/12/30",115.1625333,-33.5731333
"260","2014-12_Geographe_Bay_stereoBRUVs","572",88.88,44.44,0,0,88.88,44.44,0,11.11,0,0,0,0,0,0,NA,NA,NA,NA,NA,NA,NA,NA,NA,115.5492167,-33.3913
"261","2014-12_Geographe_Bay_stereoBRUVs","579",52.17,34.78,17.39,13.04,34.78,21.74,0,47.82,34.78,13.04,0,0,0,0,"South-west","Geographe",976.656117,"Multiple Use Zone","VI","Multiple Use Zone (IUCN VI)",290.727537771,"1899/12/30","1899/12/30",115.37405,-33.5017167
"262","2014-12_Geographe_Bay_stereoBRUVs","58",80,80,80,80,0,0,0,20,20,0,0,0,0,0,"South-west","Geographe",976.656117,"National Park Zone","II","National Park Zone (IUCN II)",15.2725206762,"1899/12/30","1899/12/30",115.3795833,-33.56965
"263","2014-12_Geographe_Bay_stereoBRUVs","583",21.74,21.74,4.35,4.35,17.39,17.39,0,69.57,69.57,0,0,0,0,0,"South-west","Geographe",976.656117,"Special Purpose Zone (Mining Exclusion)","VI","Special Purpose Zone (Mining Exclusion) (IUCN VI)",649.583230249,"1899/12/30","1899/12/30",115.3932,-33.47835
"264","2014-12_Geographe_Bay_stereoBRUVs","586",55,45,45,35,10,10,0,20,10,10,0,0,0,0,"South-west","Geographe",976.656117,"National Park Zone","II","National Park Zone (IUCN II)",15.2725206762,"1899/12/30","1899/12/30",115.38595,-33.5309167
"265","2014-12_Geographe_Bay_stereoBRUVs","587",55,55,0,0,55,55,0,45,45,0,0,0,0,0,NA,NA,NA,NA,NA,NA,NA,NA,NA,115.1873833,-33.5934667
"266","2014-12_Geographe_Bay_stereoBRUVs","592",91.3,39.13,13.04,13.04,78.26,26.09,0,4.35,4.35,0,0,0,0,0,NA,NA,NA,NA,NA,NA,NA,NA,NA,115.4460167,-33.5185
"267","2014-12_Geographe_Bay_stereoBRUVs","599",17.39,17.39,13.04,13.04,4.35,4.35,0,78.27,78.27,0,0,0,0,0,"South-west","Geographe",976.656117,"Multiple Use Zone","VI","Multiple Use Zone (IUCN VI)",290.727537771,"1899/12/30","1899/12/30",115.4508,-33.5021167
"268","2014-12_Geographe_Bay_stereoBRUVs","6",0,0,0,0,0,0,0,0,0,0,0,0,0,0,"South-west","Geographe",976.656117,"Special Purpose Zone (Mining Exclusion)","VI","Special Purpose Zone (Mining Exclusion) (IUCN VI)",649.583230249,"1899/12/30","1899/12/30",115.1204167,-33.4070833
"269","2014-12_Geographe_Bay_stereoBRUVs","60",59.09,22.73,0,0,59.09,22.73,0,40.91,40.91,0,0,0,0,0,"South-west","Geographe",976.656117,"Special Purpose Zone (Mining Exclusion)","VI","Special Purpose Zone (Mining Exclusion) (IUCN VI)",649.583230249,"1899/12/30","1899/12/30",115.5049333,-33.3626167
"270","2014-12_Geographe_Bay_stereoBRUVs","602",45,45,40,40,5,5,0,50,50,0,0,0,0,0,NA,NA,NA,NA,NA,NA,NA,NA,NA,115.25615,-33.6202
"271","2014-12_Geographe_Bay_stereoBRUVs","608",60,60,0,0,60,60,0,40,40,0,0,0,0,0,"South-west","Geographe",976.656117,"Special Purpose Zone (Mining Exclusion)","VI","Special Purpose Zone (Mining Exclusion) (IUCN VI)",649.583230249,"1899/12/30","1899/12/30",115.4702833,-33.4551833
"272","2014-12_Geographe_Bay_stereoBRUVs","61",0,0,0,0,0,0,0,15,15,0,0,0,0,0,"South-west","Geographe",976.656117,"Multiple Use Zone","VI","Multiple Use Zone (IUCN VI)",290.727537771,"1899/12/30","1899/12/30",115.1345167,-33.4992833
"273","2014-12_Geographe_Bay_stereoBRUVs","611",0,0,0,0,0,0,0,100,100,0,0,0,0,0,NA,NA,NA,NA,NA,NA,NA,NA,NA,115.4590333,-33.5421333
"274","2014-12_Geographe_Bay_stereoBRUVs","615",86.36,45.45,81.81,45.45,4.55,0,0,9.1,9.1,0,0,0,0,0,NA,NA,NA,NA,NA,NA,NA,NA,NA,115.3327667,-33.5980667
"275","2014-12_Geographe_Bay_stereoBRUVs","618",0,0,0,0,0,0,0,90,85,0,0,0,0,0,"South-west","Geographe",976.656117,"Multiple Use Zone","VI","Multiple Use Zone (IUCN VI)",290.727537771,"1899/12/30","1899/12/30",115.3528167,-33.5678833
"276","2014-12_Geographe_Bay_stereoBRUVs","62",0,0,0,0,0,0,0,0,0,0,0,0,0,0,"South-west","Geographe",976.656117,"Special Purpose Zone (Mining Exclusion)","VI","Special Purpose Zone (Mining Exclusion) (IUCN VI)",649.583230249,"1899/12/30","1899/12/30",115.3306833,-33.4505
"277","2014-12_Geographe_Bay_stereoBRUVs","623",100,40,0,0,100,40,0,0,0,0,0,0,0,0,NA,NA,NA,NA,NA,NA,NA,NA,NA,115.1556167,-33.6129333
"278","2014-12_Geographe_Bay_stereoBRUVs","624",0,0,0,0,0,0,0,100,100,0,0,0,0,0,"South-west","Geographe",976.656117,"Special Purpose Zone (Mining Exclusion)","VI","Special Purpose Zone (Mining Exclusion) (IUCN VI)",649.583230249,"1899/12/30","1899/12/30",115.4918833,-33.4209667
"279","2014-12_Geographe_Bay_stereoBRUVs","63",16.66,8.33,0,0,16.66,8.33,0,16.67,0,0,0,0,0,0,"South-west","Geographe",976.656117,"Multiple Use Zone","VI","Multiple Use Zone (IUCN VI)",290.727537771,"1899/12/30","1899/12/30",115.2562,-33.50385
"280","2014-12_Geographe_Bay_stereoBRUVs","631",15,5,10,5,5,0,0,60,20,40,0,0,0,0,"South-west","Geographe",976.656117,"Multiple Use Zone","VI","Multiple Use Zone (IUCN VI)",290.727537771,"1899/12/30","1899/12/30",115.2541167,-33.5778833
"281","2014-12_Geographe_Bay_stereoBRUVs","633",4.76,4.76,0,0,4.76,4.76,0,95.24,95.24,0,0,0,0,0,"South-west","Geographe",976.656117,"Special Purpose Zone (Mining Exclusion)","VI","Special Purpose Zone (Mining Exclusion) (IUCN VI)",649.583230249,"1899/12/30","1899/12/30",115.4535,-33.4711667
"282","2014-12_Geographe_Bay_stereoBRUVs","634",18.18,9.09,0,0,18.18,9.09,0,81.82,81.82,0,0,0,0,0,"South-west","Geographe",976.656117,"Multiple Use Zone","VI","Multiple Use Zone (IUCN VI)",290.727537771,"1899/12/30","1899/12/30",115.4141167,-33.5336667
"283","2014-12_Geographe_Bay_stereoBRUVs","635",80,40,10,5,70,35,0,15,15,0,0,0,0,0,"South-west","Geographe",976.656117,"Multiple Use Zone","VI","Multiple Use Zone (IUCN VI)",290.727537771,"1899/12/30","1899/12/30",115.1995667,-33.5809667
"284","2014-12_Geographe_Bay_stereoBRUVs","64",76.19,47.62,0,0,76.19,47.62,0,23.81,23.81,0,0,0,0,0,"South-west","Geographe",976.656117,"Special Purpose Zone (Mining Exclusion)","VI","Special Purpose Zone (Mining Exclusion) (IUCN VI)",649.583230249,"1899/12/30","1899/12/30",115.50945,-33.4364167
"285","2014-12_Geographe_Bay_stereoBRUVs","640",48,40,28,24,20,16,0,48,48,0,0,0,0,0,NA,NA,NA,NA,NA,NA,NA,NA,NA,115.4646167,-33.5162
"286","2014-12_Geographe_Bay_stereoBRUVs","647",100,89.47,100,89.47,0,0,0,0,0,0,0,0,0,0,"South-west","Geographe",976.656117,"Multiple Use Zone","VI","Multiple Use Zone (IUCN VI)",290.727537771,"1899/12/30","1899/12/30",115.42465,-33.4926
"287","2014-12_Geographe_Bay_stereoBRUVs","65",0,0,0,0,0,0,0,0,0,0,0,0,0,0,"South-west","Geographe",976.656117,"Special Purpose Zone (Mining Exclusion)","VI","Special Purpose Zone (Mining Exclusion) (IUCN VI)",649.583230249,"1899/12/30","1899/12/30",115.2047667,-33.3597167
"288","2014-12_Geographe_Bay_stereoBRUVs","650",76.92,53.85,38.46,30.77,38.46,23.08,0,23.07,15.38,7.69,0,0,0,0,"South-west","Geographe",976.656117,"Multiple Use Zone","VI","Multiple Use Zone (IUCN VI)",290.727537771,"1899/12/30","1899/12/30",115.3715667,-33.5131167
"289","2014-12_Geographe_Bay_stereoBRUVs","655",66.67,42.86,0,0,66.67,42.86,0,23.81,23.81,0,0,0,0,0,"South-west","Geographe",976.656117,"Multiple Use Zone","VI","Multiple Use Zone (IUCN VI)",290.727537771,"1899/12/30","1899/12/30",115.2456833,-33.5812
"290","2014-12_Geographe_Bay_stereoBRUVs","656",100,22.73,0,0,100,22.73,0,0,0,0,0,0,0,0,"South-west","Geographe",976.656117,"Special Purpose Zone (Mining Exclusion)","VI","Special Purpose Zone (Mining Exclusion) (IUCN VI)",649.583230249,"1899/12/30","1899/12/30",115.5503833,-33.3713167
"291","2014-12_Geographe_Bay_stereoBRUVs","666",42.86,19.05,42.86,19.05,0,0,0,4.76,0,0,0,0,0,0,"South-west","Geographe",976.656117,"National Park Zone","II","National Park Zone (IUCN II)",15.2725206762,"1899/12/30","1899/12/30",115.35715,-33.5511167
"292","2014-12_Geographe_Bay_stereoBRUVs","67",28.58,0,0,0,14.29,0,0,0,0,0,0,0,0,0,"South-west","Geographe",976.656117,"Special Purpose Zone (Mining Exclusion)","VI","Special Purpose Zone (Mining Exclusion) (IUCN VI)",649.583230249,"1899/12/30","1899/12/30",115.0859333,-33.4783167
"293","2014-12_Geographe_Bay_stereoBRUVs","672",100.01,68.19,13.64,13.64,86.37,54.55,0,0,0,0,0,0,0,0,"South-west","Geographe",976.656117,"Special Purpose Zone (Mining Exclusion)","VI","Special Purpose Zone (Mining Exclusion) (IUCN VI)",649.583230249,"1899/12/30","1899/12/30",115.53565,-33.4004333
"294","2014-12_Geographe_Bay_stereoBRUVs","679",20,20,20,20,0,0,0,0,0,0,0,0,0,0,"South-west","Geographe",976.656117,"Special Purpose Zone (Mining Exclusion)","VI","Special Purpose Zone (Mining Exclusion) (IUCN VI)",649.583230249,"1899/12/30","1899/12/30",115.4152667,-33.4721333
"295","2014-12_Geographe_Bay_stereoBRUVs","68",0,0,0,0,0,0,0,0,0,0,0,0,0,0,"South-west","Geographe",976.656117,"Special Purpose Zone (Mining Exclusion)","VI","Special Purpose Zone (Mining Exclusion) (IUCN VI)",649.583230249,"1899/12/30","1899/12/30",115.2426,-33.3881667
"296","2014-12_Geographe_Bay_stereoBRUVs","682",0,0,0,0,0,0,0,100,100,0,0,0,0,0,"South-west","Geographe",976.656117,"Multiple Use Zone","VI","Multiple Use Zone (IUCN VI)",290.727537771,"1899/12/30","1899/12/30",115.3354167,-33.5696167
"297","2014-12_Geographe_Bay_stereoBRUVs","684",0,0,0,0,0,0,0,0,0,0,0,0,0,0,"South-west","Geographe",976.656117,"Multiple Use Zone","VI","Multiple Use Zone (IUCN VI)",290.727537771,"1899/12/30","1899/12/30",115.1735,-33.5845333
"298","2014-12_Geographe_Bay_stereoBRUVs","688",0,0,0,0,0,0,0,0,0,0,0,0,0,0,NA,NA,NA,NA,NA,NA,NA,NA,NA,115.3181333,-33.6026333
"299","2014-12_Geographe_Bay_stereoBRUVs","69",0,0,0,0,0,0,0,0,0,0,0,0,0,0,"South-west","Geographe",976.656117,"Special Purpose Zone (Mining Exclusion)","VI","Special Purpose Zone (Mining Exclusion) (IUCN VI)",649.583230249,"1899/12/30","1899/12/30",115.4040333,-33.3534333
"300","2014-12_Geographe_Bay_stereoBRUVs","694",27.79,11.12,0,0,5.56,5.56,0,72.22,72.22,0,0,0,0,0,"South-west","Geographe",976.656117,"Multiple Use Zone","VI","Multiple Use Zone (IUCN VI)",290.727537771,"1899/12/30","1899/12/30",115.34985,-33.5280667
"301","2014-12_Geographe_Bay_stereoBRUVs","698",95.24,80.95,9.52,9.52,85.72,71.43,0,4.76,4.76,0,0,0,0,0,"South-west","Geographe",976.656117,"Multiple Use Zone","VI","Multiple Use Zone (IUCN VI)",290.727537771,"1899/12/30","1899/12/30",115.4035333,-33.5246167
"302","2014-12_Geographe_Bay_stereoBRUVs","7",0,0,0,0,0,0,0,0,0,0,0,0,0,0,"South-west","Geographe",976.656117,"Special Purpose Zone (Mining Exclusion)","VI","Special Purpose Zone (Mining Exclusion) (IUCN VI)",649.583230249,"1899/12/30","1899/12/30",115.4457,-33.4204833
"303","2014-12_Geographe_Bay_stereoBRUVs","70",0,0,0,0,0,0,0,0,0,0,0,0,0,0,"South-west","Geographe",976.656117,"Special Purpose Zone (Mining Exclusion)","VI","Special Purpose Zone (Mining Exclusion) (IUCN VI)",649.583230249,"1899/12/30","1899/12/30",115.1513667,-33.4158833
"304","2014-12_Geographe_Bay_stereoBRUVs","704",61.9,4.76,0,0,61.9,4.76,0,9.52,9.52,0,0,0,0,0,NA,NA,NA,NA,NA,NA,NA,NA,NA,115.5324,-33.48475
"305","2014-12_Geographe_Bay_stereoBRUVs","71",0,0,0,0,0,0,0,100,100,0,0,0,0,0,"South-west","Geographe",976.656117,"Special Purpose Zone (Mining Exclusion)","VI","Special Purpose Zone (Mining Exclusion) (IUCN VI)",649.583230249,"1899/12/30","1899/12/30",115.4286667,-33.4270833
"306","2014-12_Geographe_Bay_stereoBRUVs","711",40.91,4.55,0,0,40.91,4.55,0,0,0,0,0,0,0,0,NA,NA,NA,NA,NA,NA,NA,NA,NA,115.5666,-33.36945
"307","2014-12_Geographe_Bay_stereoBRUVs","714",72.72,54.54,27.27,18.18,45.45,36.36,0,0,0,0,0,0,0,0,NA,NA,NA,NA,NA,NA,NA,NA,NA,115.1468167,-33.5792667
"308","2014-12_Geographe_Bay_stereoBRUVs","719",0,0,0,0,0,0,0,8.7,0,0,0,0,0,0,"South-west","Geographe",976.656117,"Habitat Protection Zone","IV","Habitat Protection Zone (IUCN IV)",21.0728286984,"1899/12/30","1899/12/30",115.23245,-33.6009667
"309","2014-12_Geographe_Bay_stereoBRUVs","72",0,0,0,0,0,0,0,0,0,0,0,0,0,0,"South-west","Geographe",976.656117,"Special Purpose Zone (Mining Exclusion)","VI","Special Purpose Zone (Mining Exclusion) (IUCN VI)",649.583230249,"1899/12/30","1899/12/30",115.32235,-33.4624833
"310","2014-12_Geographe_Bay_stereoBRUVs","720",3.85,0,3.85,0,0,0,0,7.69,0,0,0,0,0,0,NA,NA,NA,NA,NA,NA,NA,NA,NA,115.58345,-33.3599
"311","2014-12_Geographe_Bay_stereoBRUVs","73",0,0,0,0,0,0,0,0,0,0,0,0,0,0,"South-west","Geographe",976.656117,"Special Purpose Zone (Mining Exclusion)","VI","Special Purpose Zone (Mining Exclusion) (IUCN VI)",649.583230249,"1899/12/30","1899/12/30",115.1456,-33.3718
"312","2014-12_Geographe_Bay_stereoBRUVs","735",0,0,0,0,0,0,0,0,0,0,0,0,0,0,NA,NA,NA,NA,NA,NA,NA,NA,NA,115.1433167,-33.5620333
"313","2014-12_Geographe_Bay_stereoBRUVs","736",76.91,23.07,15.38,7.69,61.53,15.38,0,0,0,0,0,0,0,0,NA,NA,NA,NA,NA,NA,NA,NA,NA,115.5606333,-33.3850833
"314","2014-12_Geographe_Bay_stereoBRUVs","746",0,0,0,0,0,0,0,0,0,0,0,0,0,0,"South-west","Geographe",976.656117,"Multiple Use Zone","VI","Multiple Use Zone (IUCN VI)",290.727537771,"1899/12/30","1899/12/30",115.3570667,-33.5794333
"315","2014-12_Geographe_Bay_stereoBRUVs","748",60,40,10,10,50,30,0,40,30,10,0,0,0,0,"South-west","Geographe",976.656117,"Special Purpose Zone (Mining Exclusion)","VI","Special Purpose Zone (Mining Exclusion) (IUCN VI)",649.583230249,"1899/12/30","1899/12/30",115.5138333,-33.3695667
"316","2014-12_Geographe_Bay_stereoBRUVs","75",100.01,52.18,91.31,47.83,8.7,4.35,0,0,0,0,0,0,0,0,"South-west","Geographe",976.656117,"Multiple Use Zone","VI","Multiple Use Zone (IUCN VI)",290.727537771,"1899/12/30","1899/12/30",115.29455,-33.5893333
"317","2014-12_Geographe_Bay_stereoBRUVs","752",0,0,0,0,0,0,0,27.28,0,4.55,0,0,0,0,NA,NA,NA,NA,NA,NA,NA,NA,NA,115.5914167,-33.3765667
"318","2014-12_Geographe_Bay_stereoBRUVs","755",15,15,0,0,15,15,0,65,65,0,0,0,0,0,"South-west","Geographe",976.656117,"Special Purpose Zone (Mining Exclusion)","VI","Special Purpose Zone (Mining Exclusion) (IUCN VI)",649.583230249,"1899/12/30","1899/12/30",115.4571167,-33.43385
"319","2014-12_Geographe_Bay_stereoBRUVs","759",100,89.47,100,89.47,0,0,0,0,0,0,0,0,0,0,"South-west","Geographe",976.656117,"Multiple Use Zone","VI","Multiple Use Zone (IUCN VI)",290.727537771,"1899/12/30","1899/12/30",115.3173333,-33.5759
"320","2014-12_Geographe_Bay_stereoBRUVs","76",0,0,0,0,0,0,0,0,0,0,0,0,0,0,"South-west","Geographe",976.656117,"Special Purpose Zone (Mining Exclusion)","VI","Special Purpose Zone (Mining Exclusion) (IUCN VI)",649.583230249,"1899/12/30","1899/12/30",115.2846833,-33.41295
"321","2014-12_Geographe_Bay_stereoBRUVs","762",0,0,0,0,0,0,0,97.37,81.58,15.79,0,0,0,0,"South-west","Geographe",976.656117,"Multiple Use Zone","VI","Multiple Use Zone (IUCN VI)",290.727537771,"1899/12/30","1899/12/30",115.4149,-33.5198667
"322","2014-12_Geographe_Bay_stereoBRUVs","764",75,75,25,25,50,50,0,25,25,0,0,0,0,0,"South-west","Geographe",976.656117,"Special Purpose Zone (Mining Exclusion)","VI","Special Purpose Zone (Mining Exclusion) (IUCN VI)",649.583230249,"1899/12/30","1899/12/30",115.49605,-33.3744333
"323","2014-12_Geographe_Bay_stereoBRUVs","77",0,0,0,0,0,0,0,0,0,0,0,0,0,0,"South-west","Geographe",976.656117,"Special Purpose Zone (Mining Exclusion)","VI","Special Purpose Zone (Mining Exclusion) (IUCN VI)",649.583230249,"1899/12/30","1899/12/30",115.1029,-33.45575
"324","2014-12_Geographe_Bay_stereoBRUVs","779",9.52,9.52,0,0,9.52,9.52,0,90.47,90.47,0,0,0,0,0,"South-west","Geographe",976.656117,"Habitat Protection Zone","IV","Habitat Protection Zone (IUCN IV)",21.0728286984,"1899/12/30","1899/12/30",115.2263667,-33.5817167
"325","2014-12_Geographe_Bay_stereoBRUVs","78",30.43,30.43,0,0,30.43,30.43,0,69.57,69.57,0,0,0,0,0,"South-west","Geographe",976.656117,"Multiple Use Zone","VI","Multiple Use Zone (IUCN VI)",290.727537771,"1899/12/30","1899/12/30",115.4437667,-33.5076
"326","2014-12_Geographe_Bay_stereoBRUVs","782",100,100,100,100,0,0,0,0,0,0,0,0,0,0,"South-west","Geographe",976.656117,"Multiple Use Zone","VI","Multiple Use Zone (IUCN VI)",290.727537771,"1899/12/30","1899/12/30",115.4368333,-33.5142
"327","2014-12_Geographe_Bay_stereoBRUVs","783",55.55,44.44,44.44,44.44,11.11,0,0,27.78,27.78,0,0,0,0,0,"South-west","Geographe",976.656117,"Habitat Protection Zone","IV","Habitat Protection Zone (IUCN IV)",21.0728286984,"1899/12/30","1899/12/30",115.2263667,-33.5817167
"328","2014-12_Geographe_Bay_stereoBRUVs","784",25,25,15,15,10,10,0,75,75,0,0,0,0,0,NA,NA,NA,NA,NA,NA,NA,NA,NA,115.1773667,-33.6014333
"329","2014-12_Geographe_Bay_stereoBRUVs","79",0,0,0,0,0,0,0,0,0,0,0,0,0,0,"South-west","Geographe",976.656117,"Habitat Protection Zone","IV","Habitat Protection Zone (IUCN IV)",21.0728286984,"1899/12/30","1899/12/30",115.2308833,-33.5874
"330","2014-12_Geographe_Bay_stereoBRUVs","791",24,24,24,24,0,0,0,60,60,0,0,0,0,0,"South-west","Geographe",976.656117,"Multiple Use Zone","VI","Multiple Use Zone (IUCN VI)",290.727537771,"1899/12/30","1899/12/30",115.4435167,-33.4851333
"331","2014-12_Geographe_Bay_stereoBRUVs","794",100,52,24,24,76,28,0,0,0,0,0,0,0,0,NA,NA,NA,NA,NA,NA,NA,NA,NA,115.2039333,-33.6248167
"332","2014-12_Geographe_Bay_stereoBRUVs","80",80,4,0,0,80,4,0,20,20,0,0,0,0,0,"South-west","Geographe",976.656117,"Special Purpose Zone (Mining Exclusion)","VI","Special Purpose Zone (Mining Exclusion) (IUCN VI)",649.583230249,"1899/12/30","1899/12/30",115.5195333,-33.3515833
"333","2014-12_Geographe_Bay_stereoBRUVs","800",13.33,0,13.33,0,0,0,0,40,26.67,0,0,0,0,0,"South-west","Geographe",976.656117,"Multiple Use Zone","VI","Multiple Use Zone (IUCN VI)",290.727537771,"1899/12/30","1899/12/30",115.1934833,-33.5731667
"334","2014-12_Geographe_Bay_stereoBRUVs","807",0,0,0,0,0,0,0,100,65,35,0,0,0,0,NA,NA,NA,NA,NA,NA,NA,NA,NA,115.4907,-33.494
"335","2014-12_Geographe_Bay_stereoBRUVs","81",20,0,0,0,5,0,15,0,0,0,0,0,0,0,"South-west","Geographe",976.656117,"Special Purpose Zone (Mining Exclusion)","VI","Special Purpose Zone (Mining Exclusion) (IUCN VI)",649.583230249,"1899/12/30","1899/12/30",115.23045,-33.3788167
"336","2014-12_Geographe_Bay_stereoBRUVs","810",27.28,18.19,22.73,13.64,4.55,4.55,0,40.91,40.91,0,0,0,0,0,"South-west","Geographe",976.656117,"National Park Zone","II","National Park Zone (IUCN II)",15.2725206762,"1899/12/30","1899/12/30",115.3766,-33.5513333
"337","2014-12_Geographe_Bay_stereoBRUVs","816",0,0,0,0,0,0,0,0,0,0,0,0,0,0,NA,NA,NA,NA,NA,NA,NA,NA,NA,115.56325,-33.3996
"338","2014-12_Geographe_Bay_stereoBRUVs","82",0,0,0,0,0,0,0,0,0,0,0,0,0,0,"South-west","Geographe",976.656117,"Special Purpose Zone (Mining Exclusion)","VI","Special Purpose Zone (Mining Exclusion) (IUCN VI)",649.583230249,"1899/12/30","1899/12/30",115.1102833,-33.3955167
"339","2014-12_Geographe_Bay_stereoBRUVs","823",84.21,26.32,21.05,0,63.16,26.32,0,10.53,10.53,0,0,0,0,0,"South-west","Geographe",976.656117,"Multiple Use Zone","VI","Multiple Use Zone (IUCN VI)",290.727537771,"1899/12/30","1899/12/30",115.2872167,-33.5857333
"340","2014-12_Geographe_Bay_stereoBRUVs","826",90,35,70,30,15,5,0,0,0,0,0,0,0,0,"South-west","Geographe",976.656117,"National Park Zone","II","National Park Zone (IUCN II)",15.2725206762,"1899/12/30","1899/12/30",115.4005833,-33.5426833
"341","2014-12_Geographe_Bay_stereoBRUVs","828",0,0,0,0,0,0,0,100,100,0,0,0,0,0,NA,NA,NA,NA,NA,NA,NA,NA,NA,115.5295667,-33.4174667
"342","2014-12_Geographe_Bay_stereoBRUVs","83",80,55,20,20,60,35,0,20,20,0,0,0,0,0,"South-west","Geographe",976.656117,"Special Purpose Zone (Mining Exclusion)","VI","Special Purpose Zone (Mining Exclusion) (IUCN VI)",649.583230249,"1899/12/30","1899/12/30",115.37905,-33.46935
"343","2014-12_Geographe_Bay_stereoBRUVs","832",61.54,38.46,61.54,38.46,0,0,0,0,0,0,0,0,0,0,NA,NA,NA,NA,NA,NA,NA,NA,NA,115.5196833,-33.4556167
"344","2014-12_Geographe_Bay_stereoBRUVs","839",85,50,25,25,60,25,0,15,10,5,0,0,0,0,"South-west","Geographe",976.656117,"Multiple Use Zone","VI","Multiple Use Zone (IUCN VI)",290.727537771,"1899/12/30","1899/12/30",115.4085,-33.4873
"345","2014-12_Geographe_Bay_stereoBRUVs","84",0,0,0,0,0,0,0,0,0,0,0,0,0,0,"South-west","Geographe",976.656117,"Special Purpose Zone (Mining Exclusion)","VI","Special Purpose Zone (Mining Exclusion) (IUCN VI)",649.583230249,"1899/12/30","1899/12/30",115.1924,-33.3964667
"346","2014-12_Geographe_Bay_stereoBRUVs","842",11.76,11.76,11.76,11.76,0,0,0,17.65,17.65,0,0,0,0,0,NA,NA,NA,NA,NA,NA,NA,NA,NA,115.11485,-33.5681167
"347","2014-12_Geographe_Bay_stereoBRUVs","843",11.12,5.56,0,0,11.12,5.56,0,88.89,88.89,0,0,0,0,0,"South-west","Geographe",976.656117,"Multiple Use Zone","VI","Multiple Use Zone (IUCN VI)",290.727537771,"1899/12/30","1899/12/30",115.2586,-33.5999833
"348","2014-12_Geographe_Bay_stereoBRUVs","848",13.64,13.64,4.55,4.55,9.09,9.09,0,86.36,86.36,0,0,0,0,0,"South-west","Geographe",976.656117,"Special Purpose Zone (Mining Exclusion)","VI","Special Purpose Zone (Mining Exclusion) (IUCN VI)",649.583230249,"1899/12/30","1899/12/30",115.5323,-33.35185
"349","2014-12_Geographe_Bay_stereoBRUVs","855",60,55,35,30,25,25,0,35,35,0,0,0,0,0,"South-west","Geographe",976.656117,"Multiple Use Zone","VI","Multiple Use Zone (IUCN VI)",290.727537771,"1899/12/30","1899/12/30",115.4357667,-33.4901
"350","2014-12_Geographe_Bay_stereoBRUVs","858",0,0,0,0,0,0,0,12.5,12.5,0,0,0,0,0,"South-west","Geographe",976.656117,"Multiple Use Zone","VI","Multiple Use Zone (IUCN VI)",290.727537771,"1899/12/30","1899/12/30",115.3461833,-33.5573167
"351","2014-12_Geographe_Bay_stereoBRUVs","86",63.16,0,0,0,63.16,0,0,0,0,0,0,0,0,0,"South-west","Geographe",976.656117,"Multiple Use Zone","VI","Multiple Use Zone (IUCN VI)",290.727537771,"1899/12/30","1899/12/30",115.1785167,-33.5405167
"352","2014-12_Geographe_Bay_stereoBRUVs","864",73.69,10.53,26.32,0,47.37,10.53,0,26.32,26.32,0,0,0,0,0,NA,NA,NA,NA,NA,NA,NA,NA,NA,115.3720667,-33.58325
"353","2014-12_Geographe_Bay_stereoBRUVs","87",0,0,0,0,0,0,0,100,76.47,23.53,0,0,0,0,"South-west","Geographe",976.656117,"Multiple Use Zone","VI","Multiple Use Zone (IUCN VI)",290.727537771,"1899/12/30","1899/12/30",115.4589333,-33.4896
"354","2014-12_Geographe_Bay_stereoBRUVs","879",100,86.36,0,0,100,86.36,0,0,0,0,0,0,0,0,NA,NA,NA,NA,NA,NA,NA,NA,NA,115.1828667,-33.6168833
"355","2014-12_Geographe_Bay_stereoBRUVs","88",0,0,0,0,0,0,0,0,0,0,0,0,0,0,"South-west","Geographe",976.656117,"Multiple Use Zone","VI","Multiple Use Zone (IUCN VI)",290.727537771,"1899/12/30","1899/12/30",115.2145333,-33.5010667
"356","2014-12_Geographe_Bay_stereoBRUVs","880",100,93.33,80,80,20,13.33,0,0,0,0,0,0,0,0,NA,NA,NA,NA,NA,NA,NA,NA,NA,115.4444,-33.53655
"357","2014-12_Geographe_Bay_stereoBRUVs","89",0,0,0,0,0,0,0,0,0,0,0,0,0,0,"South-west","Geographe",976.656117,"Special Purpose Zone (Mining Exclusion)","VI","Special Purpose Zone (Mining Exclusion) (IUCN VI)",649.583230249,"1899/12/30","1899/12/30",115.0563833,-33.3828167
"358","2014-12_Geographe_Bay_stereoBRUVs","9",0,0,0,0,0,0,0,50,45,0,0,0,0,0,"South-west","Geographe",976.656117,"Special Purpose Zone (Mining Exclusion)","VI","Special Purpose Zone (Mining Exclusion) (IUCN VI)",649.583230249,"1899/12/30","1899/12/30",115.1361167,-33.3643333
"359","2014-12_Geographe_Bay_stereoBRUVs","90",100,0,0,0,100,0,0,0,0,0,0,0,0,0,"South-west","Geographe",976.656117,"Multiple Use Zone","VI","Multiple Use Zone (IUCN VI)",290.727537771,"1899/12/30","1899/12/30",115.3224833,-33.5333167
"360","2014-12_Geographe_Bay_stereoBRUVs","91",0,0,0,0,0,0,0,0,0,0,0,0,0,0,"South-west","Geographe",976.656117,"Habitat Protection Zone","IV","Habitat Protection Zone (IUCN IV)",21.0728286984,"1899/12/30","1899/12/30",115.2060833,-33.5396
"361","2014-12_Geographe_Bay_stereoBRUVs","92",33.33,8.33,0,0,33.33,8.33,0,0,0,0,0,0,0,0,"South-west","Geographe",976.656117,"Special Purpose Zone (Mining Exclusion)","VI","Special Purpose Zone (Mining Exclusion) (IUCN VI)",649.583230249,"1899/12/30","1899/12/30",115.3149833,-33.4175833
"362","2014-12_Geographe_Bay_stereoBRUVs","93",0,0,0,0,0,0,0,0,0,0,0,0,0,0,"South-west","Geographe",976.656117,"Special Purpose Zone (Mining Exclusion)","VI","Special Purpose Zone (Mining Exclusion) (IUCN VI)",649.583230249,"1899/12/30","1899/12/30",115.15275,-33.4813167
"363","2014-12_Geographe_Bay_stereoBRUVs","95",0,0,0,0,0,0,0,95,95,0,0,0,0,0,"South-west","Geographe",976.656117,"Multiple Use Zone","VI","Multiple Use Zone (IUCN VI)",290.727537771,"1899/12/30","1899/12/30",115.3155333,-33.5175
"364","2014-12_Geographe_Bay_stereoBRUVs","96",60,50,60,50,0,0,0,40,20,5,0,0,0,0,"South-west","Geographe",976.656117,"Special Purpose Zone (Mining Exclusion)","VI","Special Purpose Zone (Mining Exclusion) (IUCN VI)",649.583230249,"1899/12/30","1899/12/30",115.4808167,-33.4489
"365","2014-12_Geographe_Bay_stereoBRUVs","97",5,0,0,0,5,0,0,5,5,0,0,0,0,0,"South-west","Geographe",976.656117,"Special Purpose Zone (Mining Exclusion)","VI","Special Purpose Zone (Mining Exclusion) (IUCN VI)",649.583230249,"1899/12/30","1899/12/30",115.2926667,-33.38465
"366","2014-12_Geographe_Bay_stereoBRUVs","98",95,30,0,0,95,30,0,0,0,0,0,0,0,0,"South-west","Geographe",976.656117,"Special Purpose Zone (Mining Exclusion)","VI","Special Purpose Zone (Mining Exclusion) (IUCN VI)",649.583230249,"1899/12/30","1899/12/30",115.1726667,-33.434
"367","2014-12_Geographe_Bay_stereoBRUVs","99",13.05,8.7,4.35,0,8.7,8.7,0,60.87,60.87,0,0,0,0,0,"South-west","Geographe",976.656117,"Special Purpose Zone (Mining Exclusion)","VI","Special Purpose Zone (Mining Exclusion) (IUCN VI)",649.583230249,"1899/12/30","1899/12/30",115.3990167,-33.3953
"368","2014-12_Geographe_Bay_stereoBRUVs","GBR1-1",0,0,0,0,0,0,0,100,100,0,0,0,0,0,NA,NA,NA,NA,NA,NA,NA,NA,NA,115.19625,-33.5936167
"369","2014-12_Geographe_Bay_stereoBRUVs","GBR1-2",0,0,0,0,0,0,0,100,100,0,0,0,0,0,"South-west","Geographe",976.656117,"Multiple Use Zone","VI","Multiple Use Zone (IUCN VI)",290.727537771,"1899/12/30","1899/12/30",115.1995333,-33.5936
"370","2014-12_Geographe_Bay_stereoBRUVs","GBR1-3",100,100,0,0,100,100,0,0,0,0,0,0,0,0,"South-west","Geographe",976.656117,"Habitat Protection Zone","IV","Habitat Protection Zone (IUCN IV)",21.0728286984,"1899/12/30","1899/12/30",115.2022833,-33.5937833
"371","2014-12_Geographe_Bay_stereoBRUVs","GBR1-4",0,0,0,0,0,0,0,100,100,0,0,0,0,0,"South-west","Geographe",976.656117,"Habitat Protection Zone","IV","Habitat Protection Zone (IUCN IV)",21.0728286984,"1899/12/30","1899/12/30",115.2055167,-33.59345
"372","2014-12_Geographe_Bay_stereoBRUVs","GBR2-1",14.29,14.29,14.29,14.29,0,0,0,85.71,85.71,0,0,0,0,0,NA,NA,NA,NA,NA,NA,NA,NA,NA,115.19065,-33.5938333
"373","2014-12_Geographe_Bay_stereoBRUVs","GBR2-2",0,0,0,0,0,0,0,91.67,91.67,0,0,0,0,0,NA,NA,NA,NA,NA,NA,NA,NA,NA,115.1883833,-33.5940167
"374","2014-12_Geographe_Bay_stereoBRUVs","GBR2-3",0,0,0,0,0,0,0,88.89,88.89,0,0,0,0,0,NA,NA,NA,NA,NA,NA,NA,NA,NA,115.1864833,-33.5940667
"375","2014-12_Geographe_Bay_stereoBRUVs","GBR2-4",0,0,0,0,0,0,0,100,100,0,0,0,0,0,NA,NA,NA,NA,NA,NA,NA,NA,NA,115.193,-33.59365
"376","2014-12_Geographe_Bay_stereoBRUVs","GBR3-1",0,0,0,0,0,0,0,100,62.5,37.5,0,0,0,0,NA,NA,NA,NA,NA,NA,NA,NA,NA,115.1819333,-33.5944667
"377","2014-12_Geographe_Bay_stereoBRUVs","GBR3-2",0,0,0,0,0,0,0,100,100,0,0,0,0,0,NA,NA,NA,NA,NA,NA,NA,NA,NA,115.193,-33.59365
"378","2014-12_Geographe_Bay_stereoBRUVs","GBR3-3",8.33,8.33,0,0,8.33,8.33,0,91.67,91.67,0,0,0,0,0,NA,NA,NA,NA,NA,NA,NA,NA,NA,115.1839667,-33.59365
"379","2014-12_Geographe_Bay_stereoBRUVs","GBR4-1",0,0,0,0,0,0,0,100,100,0,0,0,0,0,"South-west","Geographe",976.656117,"Habitat Protection Zone","IV","Habitat Protection Zone (IUCN IV)",21.0728286984,"1899/12/30","1899/12/30",115.2080833,-33.5933333
"380","2014-12_Geographe_Bay_stereoBRUVs","GBR4-2",0,0,0,0,0,0,0,93.75,93.75,0,0,0,0,0,"South-west","Geographe",976.656117,"Habitat Protection Zone","IV","Habitat Protection Zone (IUCN IV)",21.0728286984,"1899/12/30","1899/12/30",115.2102333,-33.5928333
"381","2014-12_Geographe_Bay_stereoBRUVs","GBR5-1",0,0,0,0,0,0,0,100,100,0,0,0,0,0,"South-west","Geographe",976.656117,"Habitat Protection Zone","IV","Habitat Protection Zone (IUCN IV)",21.0728286984,"1899/12/30","1899/12/30",115.2119333,-33.5932167
"382","2014-12_Geographe_Bay_stereoBRUVs","GBR5-2",78.95,52.63,78.95,52.63,0,0,0,0,0,0,0,0,0,0,"South-west","Geographe",976.656117,"Habitat Protection Zone","IV","Habitat Protection Zone (IUCN IV)",21.0728286984,"1899/12/30","1899/12/30",115.2148,-33.5927333
"383","2014-12_Geographe_Bay_stereoBRUVs","GBR5-3",100,25,66.66,8.33,33.34,16.67,0,0,0,0,0,0,0,0,"South-west","Geographe",976.656117,"Habitat Protection Zone","IV","Habitat Protection Zone (IUCN IV)",21.0728286984,"1899/12/30","1899/12/30",115.2175167,-33.5924167
"384","2014-12_Geographe_Bay_stereoBRUVs","RB1",0,0,0,0,0,0,0,0,0,0,0,0,0,0,"South-west","Geographe",976.656117,"Multiple Use Zone","VI","Multiple Use Zone (IUCN VI)",290.727537771,"1899/12/30","1899/12/30",115.2176667,-33.53455
"385","2014-12_Geographe_Bay_stereoBRUVs","RB2",76.92,0,0,0,76.92,0,0,0,0,0,0,0,0,0,"South-west","Geographe",976.656117,"Multiple Use Zone","VI","Multiple Use Zone (IUCN VI)",290.727537771,"1899/12/30","1899/12/30",115.2254833,-33.5085667
"386","2014-12_Geographe_Bay_stereoBRUVs","RC1",20.83,0,0,0,20.83,0,0,25,12.5,0,0,0,0,0,"South-west","Geographe",976.656117,"Special Purpose Zone (Mining Exclusion)","VI","Special Purpose Zone (Mining Exclusion) (IUCN VI)",649.583230249,"1899/12/30","1899/12/30",115.23995,-33.4628
"387","2014-12_Geographe_Bay_stereoBRUVs","RC2",40,25,0,0,40,25,0,25,20,5,0,0,0,0,"South-west","Geographe",976.656117,"Multiple Use Zone","VI","Multiple Use Zone (IUCN VI)",290.727537771,"1899/12/30","1899/12/30",115.1780333,-33.48635
"388","2014-12_Geographe_Bay_stereoBRUVs","RC3",0,0,0,0,0,0,0,7.69,7.69,0,0,0,0,0,"South-west","Geographe",976.656117,"Special Purpose Zone (Mining Exclusion)","VI","Special Purpose Zone (Mining Exclusion) (IUCN VI)",649.583230249,"1899/12/30","1899/12/30",115.1684167,-33.4704833
